country_name,country_code,series_code,yr_2015,yr_2016,yr_2017,yr_2018,yr_2019
Ghana,GHA,LE_BTH,63.175,63.89,64.013,64.122,64.74
Kenya,KEN,LE_BTH,61.892,62.163,62.481,62.676,62.943
Lesotho,LSO,LE_BTH,51.101,52.264,53.064,53.733,54.173
Liberia,LBR,LE_BTH,59.148,60.416,60.553,60.853,61.104
Libya,LBY,LE_BTH,71.698,71.756,72.482,72.794,72.463
Madagascar,MDG,LE_BTH,64.339,64.997,65.094,65.27,65.882
Malawi,MWI,LE_BTH,61.378,62.209,62.977,63.276,64.119
Mali,MLI,LE_BTH,58.363,58.731,59.132,59.393,59.664
Somalia,SOM,LE_BTH,54.857,55.044,55.654,56.375,57.078
Mauritania,MRT,LE_BTH,64.485,64.768,65.083,65.31,65.687
Mauritius,MUS,LE_BTH,74.35317073,74.39487805,74.51463415,74.41634146,74.23585366
Morocco,MAR,LE_BTH,72.92,73.284,73.66,73.986,74.27
Mozambique,MOZ,LE_BTH,58.151,59.038,59.771,60.526,61.166
Namibia,NAM,LE_BTH,60.7,61.682,62.293,62.586,63.075
Niger,NER,LE_BTH,61.083,61.629,62.16,62.454,62.897
Nigeria,NGA,LE_BTH,51.841,52.043,52.305,52.554,52.91
Rwanda,RWA,LE_BTH,65.298,65.737,65.941,66.251,66.437
Sao Tome and Principe,STP,LE_BTH,67.249,67.492,68.267,68.355,68.523
Senegal,SEN,LE_BTH,66.879,67.497,67.75,68.097,68.526
Seychelles,SYC,LE_BTH,74.29512195,74.3097561,74.3,72.84146341,74.04634146
Sierra Leone,SLE,LE_BTH,57.189,58.404,58.652,59.796,60.255
South Africa,ZAF,LE_BTH,63.95,64.747,65.402,65.674,66.175
South Sudan,SSD,LE_BTH,55.566,55.544,55.309,55.95,55.912
Sudan,SDN,LE_BTH,64.659,64.78,65.445,65.681,65.876
Tanzania,TZA,LE_BTH,64.651,65.386,65.999,66.535,66.989
Togo,TGO,LE_BTH,59.396,59.55,60.154,60.244,60.901
Tunisia,TUN,LE_BTH,75.692,75.786,75.845,75.95,75.993
Uganda,UGA,LE_BTH,61.086,61.648,62.115,62.714,62.991
Zambia,ZMB,LE_BTH,61.208,61.794,62.12,62.342,62.793
Zimbabwe,ZWE,LE_BTH,59.591,60.306,60.709,61.414,61.292
Algeria,DZA,IMRT_IN,21.6,21.3,20.9,20.4,20
Angola,AGO,IMRT_IN,57.7,55.5,53.5,51.7,49.9
Benin,BEN,IMRT_IN,63.2,61.9,60.6,59.3,57.9
Botswana,BWA,IMRT_IN,39.6,39.3,38.2,37.6,36.9
Burkina Faso,BFA,IMRT_IN,59.6,58.2,56.7,55.4,54.1
Burundi,BDI,IMRT_IN,46.2,44.4,42.7,41.3,39.9
Cabo Verde,CPV,IMRT_IN,16.7,15.5,14.5,13.6,12.8
Cameroon,CMR,IMRT_IN,57,55.2,53.2,51.3,49.9
Central African Republic,CAF,IMRT_IN,87.9,85.6,83.8,81.6,79.1
Chad,TCD,IMRT_IN,75.7,74.1,72.4,70.7,69
Comoros,COM,IMRT_IN,54.4,53,51.5,50.1,48.7
"Congo, Dem. Rep.",COD,IMRT_IN,73,71.1,69.1,67.3,65.5
"Congo, Rep.",COG,IMRT_IN,37.6,36.6,35.6,34.7,35.9
Cote d'Ivoire,CIV,IMRT_IN,65.7,64.4,62.9,61.3,59.4
Djibouti,DJI,IMRT_IN,54.6,53.1,51.6,50.1,48.6
"Egypt, Arab Rep.",EGY,IMRT_IN,19.8,19.1,18.5,17.8,17.2
Equatorial Guinea,GNQ,IMRT_IN,67.6,65.6,63.6,61.7,60
Guinea,GIN,IMRT_IN,68.4,67.1,66,64.7,63.4
Guinea-Bissau,GNB,IMRT_IN,60,58.1,56.3,54.6,53
Eritrea,ERI,IMRT_IN,34,33.1,32.2,31.3,30.5
Eswatini,SWZ,IMRT_IN,45.2,42.6,43.5,39.4,37.7
Ethiopia,ETH,IMRT_IN,43.2,41.3,39.5,38,36.6
Gabon,GAB,IMRT_IN,36.1,34.6,33.7,32.5,31.5
"Gambia, The",GMB,IMRT_IN,39.7,38.6,37.5,36.5,35.6
Ghana,GHA,IMRT_IN,38.8,37.4,36.2,35,34
Kenya,KEN,IMRT_IN,35.2,34.4,33.7,32.7,32
Lesotho,LSO,IMRT_IN,72.6,72.9,73.1,72.1,71.4
Liberia,LBR,IMRT_IN,64.4,63.1,62,60.8,59.5
Libya,LBY,IMRT_IN,11.4,11,10.6,10.2,9.9
Madagascar,MDG,IMRT_IN,41.3,40.3,39.3,38.2,37.2
Malawi,MWI,IMRT_IN,36.7,34.6,32.8,31.4,30.1
Mali,MLI,IMRT_IN,66.8,65.1,63.4,61.8,60.3
Somalia,SOM,IMRT_IN,83.6,81.4,79.1,76.8,74.8
Mauritania,MRT,IMRT_IN,55,53.8,52.6,51.5,50.2
Mauritius,MUS,IMRT_IN,12.8,12.8,13.2,13.7,14.3
Morocco,MAR,IMRT_IN,20.2,19.1,18.2,17.4,16.7
Mozambique,MOZ,IMRT_IN,61.3,59.4,57.5,56,54.3
Namibia,NAM,IMRT_IN,33.3,32.8,32.2,31.7,30.9
Niger,NER,IMRT_IN,51.8,50.4,49.1,47.9,46.7
Nigeria,NGA,IMRT_IN,79.3,78.3,77.1,75.7,74
Rwanda,RWA,IMRT_IN,34.6,33.7,32.9,32,31.1
Sao Tome and Principe,STP,IMRT_IN,18.5,16.9,15.5,14.4,13.5
Senegal,SEN,IMRT_IN,34.7,33.3,32,30.8,29.8
Seychelles,SYC,IMRT_IN,12.7,12.8,12.7,12.5,12.3
Sierra Leone,SLE,IMRT_IN,95.1,89.7,87.3,84.8,82.4
South Africa,ZAF,IMRT_IN,28.6,28,27.6,26.9,26.3
South Sudan,SSD,IMRT_IN,63.3,63.3,63.3,63.3,63.3
Sudan,SDN,IMRT_IN,45.2,44.1,43,42,41
Tanzania,TZA,IMRT_IN,40.9,39.7,38.2,36.8,35.8
Togo,TGO,IMRT_IN,50.8,49.4,48.1,46.8,45.5
Tunisia,TUN,IMRT_IN,14.8,14.7,14.7,14.6,14.5
Uganda,UGA,IMRT_IN,38.9,37.3,35.7,34.1,33
Zambia,ZMB,IMRT_IN,46.9,45.6,44.3,43.9,42.9
Zimbabwe,ZWE,IMRT_IN,42.1,40.8,39.9,38.8,38.1
Algeria,DZA,LE_BTH,75.622,75.732,75.743,76.066,76.474
Angola,AGO,LE_BTH,60.655,61.092,61.68,62.144,62.448
Benin,BEN,LE_BTH,59.377,59.539,59.856,60.14,60.454
Botswana,BWA,LE_BTH,63.818,65.464,66.753,65.422,65.464
Burkina Faso,BFA,LE_BTH,58.845,59.326,59.536,60.047,60.039
Burundi,BDI,LE_BTH,60.217,60.793,61.553,61.688,62.351
Cabo Verde,CPV,LE_BTH,74.62,75.742,76.593,75.733,76.004
Cameroon,CMR,LE_BTH,59.658,60.233,60.81,61.18,61.584
Central African Republic,CAF,LE_BTH,52.793,53.46,53.721,54.369,55.025
Chad,TCD,LE_BTH,51.589,52.083,52.308,52.825,53.259
Comoros,COM,LE_BTH,62.896,63.237,63.625,63.912,64.068
"Congo, Dem. Rep.",COD,LE_BTH,58.49,59.066,59.411,59.942,60.276
"Congo, Rep.",COG,LE_BTH,63.233,63.577,63.76,64.053,62.747
Cote d'Ivoire,CIV,LE_BTH,57.762,58.06,58.48,58.849,59.319
Djibouti,DJI,LE_BTH,61.957,62.191,62.797,63.038,63.085
"Egypt, Arab Rep.",EGY,LE_BTH,70.483,70.844,71.302,71.367,71.358
Equatorial Guinea,GNQ,LE_BTH,60.103,60.479,60.821,61.191,61.644
Guinea,GIN,LE_BTH,58.134,58.763,59.109,59.349,59.72
Guinea-Bissau,GNB,LE_BTH,59.128,59.674,60.066,60.502,60.882
Eritrea,ERI,LE_BTH,66.033,66.289,66.577,67.067,67.3
Eswatini,SWZ,LE_BTH,55.019,56.659,57.895,59.411,60.549
Ethiopia,ETH,LE_BTH,63.649,64.392,64.838,65.412,65.838
Gabon,GAB,LE_BTH,65.46,65.802,66.189,66.306,66.603
"Gambia, The",GMB,LE_BTH,62.494,63.013,62.995,63.04,63.755
Algeria,DZA,CHE,6.98000001907349,6.6100001335144,6.28000020980835,6.15999984741211,6.23999977111816
Angola,AGO,CHE,2.60999989509583,2.71000003814697,2.78999996185303,2.53999996185303,2.52999997138977
Benin,BEN,CHE,2.91000008583069,2.74000000953674,2.61999988555908,2.5,2.39000010490417
Botswana,BWA,CHE,5.73000001907349,5.55999994277954,6.13000011444092,5.96999979019165,6.05000019073486
Burkina Faso,BFA,CHE,5.13000011444092,5.96000003814697,6.03000020980835,4.90999984741211,5.46000003814697
Burundi,BDI,CHE,6.42999982833862,7.71999979019165,7.90000009536743,8.23999977111816,7.98999977111816
Cameroon,CMR,CHE,3.75,3.73000001907349,3.49000000953674,3.47000002861023,3.59999990463257
Cabo Verde,CPV,CHE,4.82000017166138,4.84999990463257,5.28000020980835,5.26999998092651,4.94000005722046
Central African Republic,CAF,CHE,5.03000020980835,5.44000005722046,6.67000007629395,11,7.75
Chad,TCD,CHE,4.51999998092651,5.05000019073486,4.55999994277954,4.17000007629395,4.34999990463257
Comoros,COM,CHE,4.59999990463257,4.65000009536743,5.26999998092651,4.90000009536743,5.17000007629395
"Congo, Dem. Rep.",COD,CHE,3.97000002861023,4.36999988555908,4.15999984741211,3.29999995231628,3.53999996185303
"Congo, Rep.",COG,CHE,2.46000003814697,2.78999996185303,2.51999998092651,1.94000005722046,2.07999992370605
Cote d'Ivoire,CIV,CHE,3.22000002861023,3.34999990463257,3.30999994277954,3.11999988555908,3.29999995231628
Djibouti,DJI,CHE,3.07999992370605,2.73000001907349,2.46000003814697,2.25999999046326,1.79999995231628
"Egypt, Arab Rep.",EGY,CHE,5.34000015258789,5.3600001335144,5.63000011444092,4.94999980926514,4.73999977111816
Equatorial Guinea,GNQ,CHE,2.92000007629395,3.14000010490417,2.96000003814697,3.05999994277954,3.14000010490417
Eritrea,ERI,CHE,4.44999980926514,3.51999998092651,3.73000001907349,4.13000011444092,4.46000003814697
Ethiopia,ETH,CHE,3.8199999332428,3.59999990463257,3.45000004768372,3.30999994277954,3.24000000953674
Gabon,GAB,CHE,2.66000008583069,3.10999989509583,2.77999997138977,2.75,2.76999998092651
"Gambia, The",GMB,CHE,3.1800000667572,3.6800000667572,4.1399998664856,4.8899998664856,3.8199999332428
Ghana,GHA,CHE,4.61999988555908,3.46000003814697,3.35999989509583,3.49000000953674,3.42000007629395
Guinea,GIN,CHE,5.80999994277954,5.40000009536743,3.91000008583069,3.64000010490417,3.98000001907349
Guinea-Bissau,GNB,CHE,8.13000011444092,8.32999992370605,7,7.63000011444092,8.35000038146973
Kenya,KEN,CHE,5.21999979019165,5.1399998664856,4.1399998664856,4.30999994277954,4.59000015258789
Lesotho,LSO,CHE,9,8.76000022888184,10.0900001525879,10.8999996185303,11.2700004577637
Liberia,LBR,CHE,10.6400003433228,9.85000038146973,9.09000015258789,9.03999996185303,8.47000026702881
Libya,LBY,CHE,NULL,NULL,NULL,NULL,NULL
Madagascar,MDG,CHE,4.96999979019165,5.26000022888184,4.84000015258789,4.19999980926514,3.69000005722046
Malawi,MWI,CHE,9.32999992370605,10.8800001144409,10.8900003433228,9.82999992370605,7.3899998664856
Mali,MLI,CHE,4.1100001335144,3.76999998092651,3.67000007629395,3.73000001907349,3.89000010490417
Mauritius,MUS,CHE,5.69999980926514,5.71000003814697,5.80999994277954,5.86999988555908,6.19999980926514
Mauritania,MRT,CHE,3.67000007629395,3.09999990463257,3.33999991416931,3.57999992370605,3.29999995231628
Morocco,MAR,CHE,5.07000017166138,5.23999977111816,5.23000001907349,5.32999992370605,5.30999994277954
Mozambique,MOZ,CHE,6.71999979019165,7.17000007629395,7.76000022888184,8.09000015258789,7.82999992370605
Namibia,NAM,CHE,9.97999954223633,9.31999969482422,8.72999954223633,8.3100004196167,8.5
Niger,NER,CHE,5.34999990463257,4.53000020980835,5.57000017166138,5.28999996185303,5.67000007629395
Nigeria,NGA,CHE,3.57999992370605,3.65000009536743,3.75,3.08999991416931,3.02999997138977
Rwanda,RWA,CHE,6.61999988555908,6.92999982833862,6.3899998664856,6.67999982833862,6.40999984741211
Sao Tome and Principe,STP,CHE,5.34000015258789,6.42999982833862,6.46000003814697,5.84000015258789,5.53000020980835
Senegal,SEN,CHE,4.38000011444092,4.26000022888184,4,4.23999977111816,4.13000011444092
Seychelles,SYC,CHE,4.59000015258789,5.19000005722046,4.90999984741211,5.26999998092651,5.19000005722046
Sierra Leone,SLE,CHE,20.4099998474121,16.5300006866455,9.39999961853027,8.28999996185303,8.75
Somalia,SOM,CHE,NULL,NULL,NULL,NULL,NULL
South Africa,ZAF,CHE,8.78999996185303,8.81999969482422,8.72000026702881,8.85999965667725,9.10999965667725
South Sudan,SSD,CHE,NULL,NULL,8.23999977111816,6.28000020980835,6.03999996185303
Sudan,SDN,CHE,7.26999998092651,5.48000001907349,6.05999994277954,4.44000005722046,4.57000017166138
Eswatini,SWZ,CHE,7.05999994277954,6.82000017166138,6.98000001907349,7.26000022888184,6.78000020980835
Tanzania,TZA,CHE,3.65000009536743,3.96000003814697,4.07999992370605,4.15000009536743,3.82999992370605
Togo,TGO,CHE,4.96000003814697,5.34999990463257,6.48999977111816,6.09000015258789,5.73000001907349
Tunisia,TUN,CHE,6.61999988555908,6.6100001335144,6.84999990463257,6.82000017166138,6.96000003814697
Uganda,UGA,CHE,5.1100001335144,4.96999979019165,4,4.03000020980835,3.82999992370605
Zimbabwe,ZWE,CHE,7.44999980926514,7.67999982833862,7.46999979019165,8.68000030517578,7.69999980926514
Zambia,ZMB,CHE,4.44000005722046,4.48000001907349,4.38000011444092,5.03000020980835,5.30999994277954
Algeria,DZA,CAPHE,0.00999999977648258,NULL,NULL,NULL,NULL
Angola,AGO,CAPHE,NULL,NULL,NULL,NULL,NULL
Benin,BEN,CAPHE,0.180000007152557,NULL,NULL,NULL,NULL
Botswana,BWA,CAPHE,0.0199999995529652,0.180000007152557,0.129999995231628,NULL,NULL
Burkina Faso,BFA,CAPHE,0.200000002980232,0.159999996423721,0.370000004768372,0.349999994039536,0.230000004172325
Burundi,BDI,CAPHE,0.0900000035762787,0.28999999165535,NULL,NULL,NULL
Cameroon,CMR,CAPHE,0.569999992847443,NULL,0.469999998807907,0.419999986886978,0.46000000834465
Cabo Verde,CPV,CAPHE,0.810000002384186,0.370000004768372,NULL,NULL,NULL
Central African Republic,CAF,CAPHE,0.00999999977648258,0.0199999995529652,0.0299999993294477,0.200000002980232,NULL
Chad,TCD,CAPHE,NULL,NULL,NULL,NULL,NULL
Comoros,COM,CAPHE,0.0500000007450581,NULL,NULL,NULL,1.42999994754791
"Congo, Dem. Rep.",COD,CAPHE,0.170000001788139,0.159999996423721,0.109999999403954,0.0599999986588955,0.0900000035762787
"Congo, Rep.",COG,CAPHE,0.259999990463257,0.159999996423721,0.180000007152557,0.0799999982118607,NULL
Cote d'Ivoire,CIV,CAPHE,0.379999995231628,0.400000005960464,0.280000001192093,0.430000007152557,NULL
Djibouti,DJI,CAPHE,NULL,NULL,NULL,NULL,NULL
"Egypt, Arab Rep.",EGY,CAPHE,NULL,NULL,NULL,NULL,NULL
Equatorial Guinea,GNQ,CAPHE,0.419999986886978,0.259999990463257,0.170000001788139,0.0799999982118607,0.0700000002980232
Eritrea,ERI,CAPHE,NULL,NULL,NULL,NULL,NULL
Ethiopia,ETH,CAPHE,NULL,NULL,0.330000013113022,NULL,NULL
Gabon,GAB,CAPHE,0.569999992847443,0.159999996423721,0.129999995231628,0.349999994039536,0.189999997615814
"Gambia, The",GMB,CAPHE,0.150000005960464,0.0900000035762787,0.230000004172325,NULL,NULL
Ghana,GHA,CAPHE,0.0399999991059303,0.170000001788139,0.0299999993294477,NULL,NULL
Guinea,GIN,CAPHE,0.540000021457672,0.389999985694885,0.280000001192093,0.239999994635582,0.180000007152557
Guinea-Bissau,GNB,CAPHE,0.0900000035762787,0.0799999982118607,0.180000007152557,NULL,NULL
Kenya,KEN,CAPHE,NULL,0.28999999165535,0.589999973773956,0.550000011920929,0.519999980926514
Lesotho,LSO,CAPHE,0.769999980926514,0.119999997317791,0.259999990463257,NULL,NULL
Liberia,LBR,CAPHE,NULL,0.25,0.00999999977648258,NULL,0.270000010728836
Libya,LBY,CAPHE,NULL,NULL,NULL,NULL,NULL
Madagascar,MDG,CAPHE,NULL,NULL,NULL,NULL,NULL
Malawi,MWI,CAPHE,0.300000011920929,0.340000003576279,0.519999980926514,0.600000023841858,NULL
Mali,MLI,CAPHE,0.25,0.300000011920929,0.189999997615814,0.0399999991059303,NULL
Mauritius,MUS,CAPHE,NULL,0.109999999403954,NULL,NULL,NULL
Mauritania,MRT,CAPHE,0.519999980926514,2.44000005722046,0.330000013113022,NULL,NULL
Morocco,MAR,CAPHE,0.159999996423721,NULL,NULL,0.159999996423721,NULL
Mozambique,MOZ,CAPHE,0.519999980926514,NULL,NULL,NULL,NULL
Namibia,NAM,CAPHE,0.419999986886978,0.400000005960464,0.28999999165535,NULL,NULL
Niger,NER,CAPHE,0.400000005960464,0.28999999165535,0.239999994635582,0.340000003576279,0.529999971389771
Nigeria,NGA,CAPHE,0.0399999991059303,0.189999997615814,0.129999995231628,0.270000010728836,0.140000000596046
Rwanda,RWA,CAPHE,NULL,NULL,NULL,NULL,NULL
Sao Tome and Principe,STP,CAPHE,0.219999998807907,0.449999988079071,0.620000004768372,NULL,NULL
Senegal,SEN,CAPHE,0.330000013113022,0.300000011920929,NULL,NULL,NULL
Seychelles,SYC,CAPHE,0.119999997317791,0.209999993443489,2.73000001907349,NULL,NULL
Sierra Leone,SLE,CAPHE,NULL,NULL,0.230000004172325,0.680000007152557,NULL
Somalia,SOM,CAPHE,NULL,NULL,NULL,NULL,NULL
South Africa,ZAF,CAPHE,0.239999994635582,0.219999998807907,NULL,NULL,NULL
South Sudan,SSD,CAPHE,NULL,NULL,0.439999997615814,NULL,NULL
Sudan,SDN,CAPHE,NULL,NULL,NULL,0.170000001788139,NULL
Eswatini,SWZ,CAPHE,NULL,NULL,0.560000002384186,NULL,NULL
Tanzania,TZA,CAPHE,0.0399999991059303,0.0599999986588955,NULL,NULL,NULL
Togo,TGO,CAPHE,0.0900000035762787,0.0700000002980232,0.389999985694885,0.469999998807907,0.370000004768372
Tunisia,TUN,CAPHE,NULL,NULL,NULL,NULL,NULL
Uganda,UGA,CAPHE,0.129999995231628,0.129999995231628,0.119999997317791,0.109999999403954,0.159999996423721
Zimbabwe,ZWE,CAPHE,0.00999999977648258,NULL,0.0700000002980232,0.270000010728836,NULL
Zambia,ZMB,CAPHE,0,0,NULL,NULL,NULL
Algeria,DZA,CHE_CAP,291.549987792969,260.760009765625,258.059997558594,256.010009765625,248.210006713867
Angola,AGO,CHE_CAP,108.580001831055,95.120002746582,114.330001831055,87.3099975585938,71.3300018310547
Benin,BEN,CHE_CAP,31.3099994659424,29.7900009155273,29.7700004577637,31.0699996948242,29.1299991607666
Botswana,BWA,CHE_CAP,389.380004882813,402.799987792969,484.220001220703,494.200012207031,481.529998779297
Burkina Faso,BFA,CHE_CAP,33.5299987792969,40.9799995422363,44.5099983215332,40.2700004577637,42.3400001525879
Burundi,BDI,CHE_CAP,19.6399993896484,21.7800006866455,23.1599998474121,22.4099998474121,20.5699996948242
Cameroon,CMR,CHE_CAP,49.7700004577637,50.8800010681152,49.7700004577637,53.1699981689453,54
Cabo Verde,CPV,CHE_CAP,146.679992675781,151.75,173.789993286133,190.460006713867,177.889999389648
Central African Republic,CAF,CHE_CAP,19,21.8999996185303,30.0499992370605,53.689998626709,37.2000007629395
Chad,TCD,CHE_CAP,35.1100006103516,35.3899993896484,30.6000003814697,29.7000007629395,29.8500003814697
Comoros,COM,CHE_CAP,57.1699981689453,59.2299995422363,69.7399978637695,69.4199981689453,72.3199996948242
"Congo, Dem. Rep.",COD,CHE_CAP,19.7399997711182,20.5799999237061,19.4099998474121,18.5200004577637,20.5699996948242
"Congo, Rep.",COG,CHE_CAP,60.1500015258789,56.9300003051758,54.7599983215332,49.4599990844727,48.560001373291
Cote d'Ivoire,CIV,CHE_CAP,63.5099983215332,67.4800033569336,69.7699966430664,72.1699981689453,75.0899963378906
Djibouti,DJI,CHE_CAP,82.2900009155273,76.870002746582,72.2300033569336,71.0899963378906,61.810001373291
"Egypt, Arab Rep.",EGY,CHE_CAP,183.429992675781,153.490005493164,113.980003356934,125.550003051758,149.839996337891
Equatorial Guinea,GNQ,CHE_CAP,328.950012207031,290.880004882813,286.149993896484,310.579986572266,254.889999389648
Eritrea,ERI,CHE_CAP,26.8199996948242,22.6499996185303,20.7999992370605,23.9799995422363,25.2700004577637
Ethiopia,ETH,CHE_CAP,23.9200000762939,25.0799999237061,24.9200000762939,24.2900009155273,26.7399997711182
Gabon,GAB,CHE_CAP,196.240005493164,217.059997558594,201.059997558594,218.479995727539,215.020004272461
"Gambia, The",GMB,CHE_CAP,20.9899997711182,25.4400005340576,28.1700000762939,35.810001373291,29.7299995422363
Ghana,GHA,CHE_CAP,80.5899963378906,66.8600006103516,68.0299987792969,76.8300018310547,75.2799987792969
Guinea,GIN,CHE_CAP,44.689998626709,39.5200004577637,33.5,35.7099990844727,43.0400009155273
Guinea-Bissau,GNB,CHE_CAP,53.9500007629395,58.1800003051758,56.2900009155273,61.2400016784668,62.5800018310547
Kenya,KEN,CHE_CAP,69.7799987792969,72.5100021362305,65.1100006103516,73.5400009155273,83.4100036621094
Lesotho,LSO,CHE_CAP,104.160003662109,89.5299987792969,110.870002746582,124.690002441406,124.190002441406
Liberia,LBR,CHE_CAP,73.4499969482422,69.9899978637695,64.4899978637695,61.2200012207031,52.560001373291
Libya,LBY,CHE_CAP,NULL,NULL,NULL,NULL,NULL
Madagascar,MDG,CHE_CAP,23.2299995422363,25.0200004577637,24.9599990844727,22.3400001525879,19.8500003814697
Malawi,MWI,CHE_CAP,35.6800003051758,34.7299995422363,38.3899993896484,37.4300003051758,30.3999996185303
Mali,MLI,CHE_CAP,30.8999996185303,29.4599990844727,30.5,33.4000015258789,34.2799987792969
Mauritius,MUS,CHE_CAP,529.159973144531,553.210021972656,609.169982910156,656.619995117188,685.950012207031
Mauritania,MRT,CHE_CAP,55.9900016784668,47.5900001525879,52.6699981689453,57.2999992370605,57.8800010681152
Morocco,MAR,CHE_CAP,147.860000610352,154.110000610352,161.360000610352,174.779998779297,174.220001220703
Mozambique,MOZ,CHE_CAP,39.6199989318848,30.7600002288818,35.7999992370605,40.7299995422363,39.4599990844727
Namibia,NAM,CHE_CAP,488.739990234375,423.890014648438,468.040008544922,464.480010986328,427.260009765625
Niger,NER,CHE_CAP,25.8899993896484,22.5699996948242,28.8700008392334,30.2700004577637,31.3999996185303
Nigeria,NGA,CHE_CAP,97.8000030517578,79.370002746582,73.8899993896484,66.5500030517578,71.4700012207031
Rwanda,RWA,CHE_CAP,49.9799995422363,51.8400001525879,49.3499984741211,52.2999992370605,51.4000015258789
Sao Tome and Principe,STP,CHE_CAP,85.2200012207031,109.980003356934,117.01000213623,115.019996643066,108.449996948242
Senegal,SEN,CHE_CAP,53.4300003051758,54.1100006103516,54.4300003051758,61.7999992370605,59.0999984741211
Seychelles,SYC,CHE_CAP,665.640014648438,772.450012207031,777.849975585938,840.280029296875,839.77001953125
Sierra Leone,SLE,CHE_CAP,120.910003662109,87.0999984741211,46.689998626709,44.2700004577637,46.1599998474121
Somalia,SOM,CHE_CAP,NULL,NULL,NULL,NULL,NULL
South Africa,ZAF,CHE_CAP,503.760009765625,465.089996337891,534.390014648438,564.5,546.690002441406
South Sudan,SSD,CHE_CAP,NULL,NULL,26.3799991607666,26.7000007629395,22.6399993896484
Sudan,SDN,CHE_CAP,158.899993896484,165.850006103516,192.610000610352,59.5099983215332,46.9300003051758
Eswatini,SWZ,CHE_CAP,259.519989013672,233.639999389648,273.380004882813,298.119995117188,264.059997558594
Tanzania,TZA,CHE_CAP,33.5900001525879,37.189998626709,39.7900009155273,42.0400009155273,40.3400001525879
Togo,TGO,CHE_CAP,38.1800003051758,42.9900016784668,53.9500007629395,54.8899993896484,51.1599998474121
Tunisia,TUN,CHE_CAP,255.699996948242,244.429992675781,237.360000610352,236.729995727539,233.059997558594
Uganda,UGA,CHE_CAP,39.3699989318848,38.2400016784668,30.6800003051758,32.0499992370605,32.4099998474121
Zimbabwe,ZWE,CHE_CAP,107.690002441406,112.410003662109,115.650001525879,141.369995117188,103.029998779297
Zambia,ZMB,CHE_CAP,59.3400001525879,57.3600006103516,67.1999969482422,76.3099975585938,69.3199996948242
Algeria,DZA,CHE_CAP_PPP,838.510009765625,768.080017089844,737.039978027344,734.989990234375,750.450012207031
Angola,AGO,CHE_CAP_PPP,191.199996948242,192.720001220703,204.080001831055,188.509994506836,178.029998779297
Benin,BEN,CHE_CAP_PPP,83.9300003051758,82.3199996948242,79.7399978637695,81.0800018310547,81.9899978637695
Botswana,BWA,CHE_CAP_PPP,890.280029296875,959.77001953125,1058.43005371094,1078.18994140625,1122.14001464844
Burkina Faso,BFA,CHE_CAP_PPP,87.9400024414063,112.860000610352,123.809997558594,107.569999694824,122.410003662109
Burundi,BDI,CHE_CAP_PPP,54.1100006103516,61.5200004577637,61.1399993896484,64.3199996948242,61.7999992370605
Cameroon,CMR,CHE_CAP_PPP,122.230003356934,126.98999786377,124.129997253418,127.910003662109,136.240005493164
Cabo Verde,CPV,CHE_CAP_PPP,288.929992675781,306.450012207031,350.640014648438,370.299987792969,369.679992675781
Central African Republic,CAF,CHE_CAP_PPP,39.6199989318848,46.3300018310547,60.8400001525879,107.819999694824,78.4400024414063
Chad,TCD,CHE_CAP_PPP,82.3399963378906,84.9599990844727,72.9199981689453,66.0400009155273,69.4000015258789
Comoros,COM,CHE_CAP_PPP,124.669998168945,133.25,159.740005493164,154.009994506836,168.639999389648
"Congo, Dem. Rep.",COD,CHE_CAP_PPP,35.939998626709,42.0699996948242,44.0499992370605,36.9799995422363,40.6100006103516
"Congo, Rep.",COG,CHE_CAP_PPP,113.980003356934,106.559997558594,106.819999694824,76.8000030517578,81.6900024414063
Cote d'Ivoire,CIV,CHE_CAP_PPP,149.820007324219,158.440002441406,159.660003662109,160.809997558594,179.550003051758
Djibouti,DJI,CHE_CAP_PPP,141.570007324219,128.720001220703,121.080001831055,121.580001831055,104.139999389648
"Egypt, Arab Rep.",EGY,CHE_CAP_PPP,614.369995117188,600.359985351563,620.450012207031,576.059997558594,582.22998046875
Equatorial Guinea,GNQ,CHE_CAP_PPP,700.919982910156,643.330017089844,667.460021972656,638.539978027344,607.429992675781
Eritrea,ERI,CHE_CAP_PPP,70.7699966430664,59.8600006103516,57.310001373291,72.620002746582,81.8499984741211
Ethiopia,ETH,CHE_CAP_PPP,63.3600006103516,67.6399993896484,69.8099975585938,71.2799987792969,75.1100006103516
Gabon,GAB,CHE_CAP_PPP,390.630004882813,443.970001220703,417.299987792969,414.720001220703,432.190002441406
"Gambia, The",GMB,CHE_CAP_PPP,65.6500015258789,76.1800003051758,85.9100036621094,108.050003051758,88.7099990844727
Ghana,GHA,CHE_CAP_PPP,236.509994506836,169.270004272461,167.789993286133,185.630004882813,193.220001220703
Guinea,GIN,CHE_CAP_PPP,105.690002441406,112.180000305176,94.6600036621094,103.910003662109,119.589996337891
Guinea-Bissau,GNB,CHE_CAP_PPP,142.800003051758,153.639999389648,146.729995727539,157.080001831055,186.429992675781
Kenya,KEN,CHE_CAP_PPP,175.470001220703,186.889999389648,167.550003051758,185.410003662109,207.619995117188
Lesotho,LSO,CHE_CAP_PPP,279.679992675781,262.790008544922,268.290008544922,287.309997558594,313.609985351563
Liberia,LBR,CHE_CAP_PPP,133.600006103516,135.059997558594,139.899993896484,138.610000610352,126.019996643066
Libya,LBY,CHE_CAP_PPP,NULL,NULL,NULL,NULL,NULL
Madagascar,MDG,CHE_CAP_PPP,76.9100036621094,84.4599990844727,76.75,69.9800033569336,65.2300033569336
Malawi,MWI,CHE_CAP_PPP,95.5299987792969,112.730003356934,111.650001525879,104.849998474121,81.6999969482422
Mali,MLI,CHE_CAP_PPP,83.5699996948242,82.6100006103516,82.5500030517578,87.3199996948242,94.5500030517578
Mauritius,MUS,CHE_CAP_PPP,1098.82995605469,1182.88000488281,1244.2099609375,1332.71997070313,1475.9599609375
Mauritania,MRT,CHE_CAP_PPP,154.300003051758,145.539993286133,169.440002441406,184.869995117188,187.050003051758
Morocco,MAR,CHE_CAP_PPP,361.25,378.429992675781,388.709991455078,413.170013427734,424.5
Mozambique,MOZ,CHE_CAP_PPP,86.7300033569336,97.8099975585938,99.5999984741211,106.910003662109,104.819999694824
Namibia,NAM,CHE_CAP_PPP,1061.31994628906,972.049987792969,887.530029296875,859.919982910156,867.349975585938
Niger,NER,CHE_CAP_PPP,61.2400016784668,52.0400009155273,64.8600006103516,65.0500030517578,72.4800033569336
Nigeria,NGA,CHE_CAP_PPP,194.369995117188,190.949996948242,194.809997558594,163.210006713867,162.309997558594
Rwanda,RWA,CHE_CAP_PPP,120.080001831055,131.029998779297,126.209999084473,142.839996337891,145.740005493164
Sao Tome and Principe,STP,CHE_CAP_PPP,204.949996948242,250.119995117188,253,236.899993896484,226.809997558594
Senegal,SEN,CHE_CAP_PPP,130.220001220703,131.059997558594,128.059997558594,143.169998168945,144.800003051758
Seychelles,SYC,CHE_CAP_PPP,1086.44995117188,1316.43005371094,1332.21997070313,1470.18994140625,1468.71997070313
Sierra Leone,SLE,CHE_CAP_PPP,326.450012207031,277.350006103516,153.570007324219,141.240005493164,157
Somalia,SOM,CHE_CAP_PPP,NULL,NULL,NULL,NULL,NULL
South Africa,ZAF,CHE_CAP_PPP,1103.36999511719,1110.76000976563,1107.89001464844,1145.86999511719,1187.32995605469
South Sudan,SSD,CHE_CAP_PPP,NULL,NULL,84.4400024414063,64.2200012207031,62.9900016784668
Sudan,SDN,CHE_CAP_PPP,322.549987792969,305.390014648438,278.690002441406,202.410003662109,204.539993286133
Eswatini,SWZ,CHE_CAP_PPP,622.059997558594,593.77001953125,586.969970703125,633.429992675781,610.489990234375
Tanzania,TZA,CHE_CAP_PPP,83.2099990844727,95.4000015258789,100.209999084473,105.110000610352,99.3499984741211
Togo,TGO,CHE_CAP_PPP,93.4400024414063,104.599998474121,130.669998168945,128.410003662109,125.559997558594
Tunisia,TUN,CHE_CAP_PPP,675.97998046875,684.75,723.119995117188,759.039978027344,789.049987792969
Uganda,UGA,CHE_CAP_PPP,113.360000610352,107.919998168945,87.1999969482422,92.1399993896484,92.379997253418
Zimbabwe,ZWE,CHE_CAP_PPP,199.679992675781,215.399993896484,226.210006713867,269.200012207031,208.410003662109
Zambia,ZMB,CHE_CAP_PPP,152.139999389648,152.429992675781,152.539993286133,181.550003051758,192.520004272461
Algeria,DZA,GGHED_CHE,70.4599990844727,67.6900024414063,65.9499969482422,65.8499984741211,65
Angola,AGO,GGHED_CHE,47.3699989318848,44.1399993896484,46.2799987792969,42.0800018310547,41.2200012207031
Benin,BEN,GGHED_CHE,20.1399993896484,20.9899997711182,31.0900001525879,19.6000003814697,22.6499996185303
Botswana,BWA,GGHED_CHE,67.7600021362305,66.5199966430664,75.6600036621094,78.5599975585938,78.5199966430664
Burkina Faso,BFA,GGHED_CHE,28.3799991607666,40.0800018310547,43.2999992370605,42.5099983215332,41.810001373291
Burundi,BDI,GGHED_CHE,37.6399993896484,24.7700004577637,25.8199996948242,27.7600002288818,33.3800010681152
Cameroon,CMR,GGHED_CHE,10.1099996566772,10.1599998474121,4.17000007629395,6.07000017166138,3.34999990463257
Cabo Verde,CPV,GGHED_CHE,65.8600006103516,63.560001373291,62.1599998474121,60.939998626709,65.7600021362305
Central African Republic,CAF,GGHED_CHE,9.05000019073486,11.0100002288818,10.9300003051758,6.26000022888184,10.5699996948242
Chad,TCD,GGHED_CHE,21.2600002288818,16.2800006866455,15.2799997329712,16.75,17.3099994659424
Comoros,COM,GGHED_CHE,10.1300001144409,12.3400001525879,12.8299999237061,15.6199998855591,16.0699996948242
"Congo, Dem. Rep.",COD,GGHED_CHE,16.6800003051758,12.6300001144409,9.94999980926514,15.0799999237061,15.8199996948242
"Congo, Rep.",COG,GGHED_CHE,45.5400009155273,43.1599998474121,38.3699989318848,35.3199996948242,37.5900001525879
Cote d'Ivoire,CIV,GGHED_CHE,24.9799995422363,25.6900005340576,28.7199993133545,29.0699996948242,29.0799999237061
Djibouti,DJI,GGHED_CHE,55.0499992370605,48.4799995422363,46.4300003051758,49.4099998474121,53.6699981689453
"Egypt, Arab Rep.",EGY,GGHED_CHE,31.2399997711182,30.8700008392334,30.9699993133545,28.7299995422363,27.7800006866455
Equatorial Guinea,GNQ,GGHED_CHE,19.0200004577637,22.0900001525879,19.9599990844727,20.1100006103516,21.25
Eritrea,ERI,GGHED_CHE,16.6299991607666,20.8400001525879,27.0200004577637,15.6099996566772,17.6000003814697
Ethiopia,ETH,GGHED_CHE,25.25,25,24.9400005340576,23.2999992370605,22.7000007629395
Gabon,GAB,GGHED_CHE,58.9099998474121,64.6999969482422,63.2900009155273,58.5999984741211,60.310001373291
"Gambia, The",GMB,GGHED_CHE,31.4300003051758,35.0200004577637,25.6000003814697,21.9200000762939,27.25
Ghana,GHA,GGHED_CHE,35.0800018310547,38.3600006103516,32.3800010681152,39.4599990844727,40.2400016784668
Guinea,GIN,GGHED_CHE,7.3899998664856,12.3000001907349,15.3400001525879,16.5100002288818,22.5200004577637
Guinea-Bissau,GNB,GGHED_CHE,6.6100001335144,5.82000017166138,7.11999988555908,7.26000022888184,6.38000011444092
Kenya,KEN,GGHED_CHE,40.3800010681152,42.810001373291,42.939998626709,43.1100006103516,45.9799995422363
Lesotho,LSO,GGHED_CHE,59.060001373291,57.9599990844727,55.1399993896484,47.1699981689453,43.5400009155273
Liberia,LBR,GGHED_CHE,11.3500003814697,14.1300001144409,15.1899995803833,18.6700000762939,16.1000003814697
Libya,LBY,GGHED_CHE,NULL,NULL,NULL,NULL,NULL
Madagascar,MDG,GGHED_CHE,40.0200004577637,45.1199989318848,46.3699989318848,35.2700004577637,32.189998626709
Malawi,MWI,GGHED_CHE,28.6499996185303,24.7299995422363,22.6700000762939,24.4400005340576,32.5900001525879
Mali,MLI,GGHED_CHE,22.3600006103516,32.0299987792969,32.0499992370605,30.8400001525879,33.6500015258789
Mauritius,MUS,GGHED_CHE,41.6800003051758,44.1100006103516,44.0499992370605,43.939998626709,47.0400009155273
Mauritania,MRT,GGHED_CHE,38.6199989318848,38.7299995422363,37.1199989318848,39.2400016784668,37.4799995422363
Morocco,MAR,GGHED_CHE,41.5499992370605,42.5099983215332,43,40.189998626709,39.8800010681152
Mozambique,MOZ,GGHED_CHE,27.0300006866455,22.7700004577637,21.4599990844727,22.3799991607666,21.2800006866455
Namibia,NAM,GGHED_CHE,42.2099990844727,46.9000015258789,46.5,46.560001373291,46.9000015258789
Niger,NER,GGHED_CHE,20.7900009155273,24.2900009155273,33.810001373291,33.310001373291,35.689998626709
Nigeria,NGA,GGHED_CHE,16.4500007629395,13.0200004577637,14.1899995803833,16.1000003814697,15.9499998092651
Rwanda,RWA,GGHED_CHE,31.6399993896484,32.0900001525879,34.8800010681152,35.0999984741211,39.9500007629395
Sao Tome and Principe,STP,GGHED_CHE,31.6200008392334,40.310001373291,46.0299987792969,47.9300003051758,47.2999992370605
Senegal,SEN,GGHED_CHE,24.6000003814697,25.0699996948242,23.9300003051758,22.6599998474121,25.0300006866455
Seychelles,SYC,GGHED_CHE,70.7099990844727,69.1500015258789,73.0400009155273,73.8300018310547,72.7300033569336
Sierra Leone,SLE,GGHED_CHE,8.03999996185303,11.1700000762939,9.05000019073486,9.27000045776367,14
Somalia,SOM,GGHED_CHE,NULL,NULL,NULL,NULL,NULL
South Africa,ZAF,GGHED_CHE,57.0800018310547,56.5999984741211,57.1199989318848,57.2999992370605,58.7599983215332
South Sudan,SSD,GGHED_CHE,NULL,NULL,8.4399995803833,10.9200000762939,16.2999992370605
Sudan,SDN,GGHED_CHE,31.1399993896484,23.5200004577637,18.0100002288818,21.9899997711182,22.6900005340576
Eswatini,SWZ,GGHED_CHE,41.7599983215332,41.7299995422363,50.75,48.4099998474121,50.7299995422363
Tanzania,TZA,GGHED_CHE,34.4500007629395,40.6199989318848,38.6500015258789,37.6399993896484,40.8800010681152
Togo,TGO,GGHED_CHE,19.0300006866455,18.3400001525879,16.1399993896484,16.75,15.0799999237061
Tunisia,TUN,GGHED_CHE,53.9900016784668,54.6800003051758,56.0499992370605,56.2000007629395,57.1399993896484
Uganda,UGA,GGHED_CHE,15.1499996185303,15.6800003051758,15.9700002670288,16.7700004577637,15.1199998855591
Zimbabwe,ZWE,GGHED_CHE,20.8199996948242,23.3099994659424,24.0200004577637,32.060001373291,17.6299991607666
Zambia,ZMB,GGHED_CHE,47.1399993896484,38.2900009155273,40.3400001525879,39,40.0800018310547
Algeria,DZA,GGHED,4.92000007629395,4.46999979019165,4.1399998664856,4.05999994277954,4.05999994277954
Angola,AGO,GGHED,1.23000001907349,1.20000004768372,1.28999996185303,1.07000005245209,1.03999996185303
Benin,BEN,GGHED,0.589999973773956,0.569999992847443,0.810000002384186,0.490000009536743,0.540000021457672
Botswana,BWA,GGHED,3.88000011444092,3.70000004768372,4.6399998664856,4.69000005722046,4.75
Burkina Faso,BFA,GGHED,1.46000003814697,2.39000010490417,2.60999989509583,2.08999991416931,2.28999996185303
Burundi,BDI,GGHED,2.42000007629395,1.9099999666214,2.03999996185303,2.28999996185303,2.67000007629395
Cameroon,CMR,GGHED,0.379999995231628,0.379999995231628,0.150000005960464,0.209999993443489,0.119999997317791
Cabo Verde,CPV,GGHED,3.17000007629395,3.07999992370605,3.27999997138977,3.21000003814697,3.25
Central African Republic,CAF,GGHED,0.46000000834465,0.600000023841858,0.730000019073486,0.689999997615814,0.819999992847443
Chad,TCD,GGHED,0.959999978542328,0.819999992847443,0.699999988079071,0.699999988079071,0.75
Comoros,COM,GGHED,0.469999998807907,0.569999992847443,0.680000007152557,0.769999980926514,0.829999983310699
"Congo, Dem. Rep.",COD,GGHED,0.660000026226044,0.550000011920929,0.409999996423721,0.5,0.560000002384186
"Congo, Rep.",COG,GGHED,1.12000000476837,1.20000004768372,0.970000028610229,0.680000007152557,0.779999971389771
Cote d'Ivoire,CIV,GGHED,0.800000011920929,0.860000014305115,0.949999988079071,0.910000026226044,0.959999978542328
Djibouti,DJI,GGHED,1.69000005722046,1.32000005245209,1.13999998569489,1.12000000476837,0.970000028610229
"Egypt, Arab Rep.",EGY,GGHED,1.66999995708466,1.6599999666214,1.74000000953674,1.41999995708466,1.32000005245209
Equatorial Guinea,GNQ,GGHED,0.550000011920929,0.689999997615814,0.589999973773956,0.620000004768372,0.670000016689301
Eritrea,ERI,GGHED,0.740000009536743,0.730000019073486,1.00999999046326,0.639999985694885,0.779999971389771
Ethiopia,ETH,GGHED,0.970000028610229,0.899999976158142,0.860000014305115,0.769999980926514,0.740000009536743
Gabon,GAB,GGHED,1.57000005245209,2.00999999046326,1.75999999046326,1.61000001430511,1.66999995708466
"Gambia, The",GMB,GGHED,1,1.28999996185303,1.05999994277954,1.07000005245209,1.03999996185303
Ghana,GHA,GGHED,1.62000000476837,1.33000004291534,1.0900000333786,1.37999999523163,1.37999999523163
Guinea,GIN,GGHED,0.430000007152557,0.660000026226044,0.600000023841858,0.600000023841858,0.899999976158142
Guinea-Bissau,GNB,GGHED,0.540000021457672,0.479999989271164,0.5,0.550000011920929,0.529999971389771
Kenya,KEN,GGHED,2.10999989509583,2.20000004768372,1.77999997138977,1.86000001430511,2.10999989509583
Lesotho,LSO,GGHED,5.30999994277954,5.07999992370605,5.55999994277954,5.1399998664856,4.90999984741211
Liberia,LBR,GGHED,1.21000003814697,1.38999998569489,1.37999999523163,1.69000005722046,1.36000001430511
Libya,LBY,GGHED,NULL,NULL,NULL,NULL,NULL
Madagascar,MDG,GGHED,1.99000000953674,2.36999988555908,2.25,1.48000001907349,1.19000005722046
Malawi,MWI,GGHED,2.67000007629395,2.69000005722046,2.47000002861023,2.40000009536743,2.41000008583069
Mali,MLI,GGHED,0.920000016689301,1.21000003814697,1.17999994754791,1.14999997615814,1.30999994277954
Mauritius,MUS,GGHED,2.38000011444092,2.51999998092651,2.55999994277954,2.57999992370605,2.92000007629395
Mauritania,MRT,GGHED,1.41999995708466,1.20000004768372,1.24000000953674,1.39999997615814,1.24000000953674
Morocco,MAR,GGHED,2.09999990463257,2.23000001907349,2.25,2.14000010490417,2.11999988555908
Mozambique,MOZ,GGHED,1.82000005245209,1.62999999523163,1.66999995708466,1.80999994277954,1.66999995708466
Namibia,NAM,GGHED,4.21000003814697,4.36999988555908,4.05999994277954,3.86999988555908,3.99000000953674
Niger,NER,GGHED,1.11000001430511,1.10000002384186,1.87999999523163,1.75999999046326,2.01999998092651
Nigeria,NGA,GGHED,0.589999973773956,0.469999998807907,0.529999971389771,0.5,0.479999989271164
Rwanda,RWA,GGHED,2.09999990463257,2.22000002861023,2.23000001907349,2.34999990463257,2.55999994277954
Sao Tome and Principe,STP,GGHED,1.69000005722046,2.58999991416931,2.97000002861023,2.79999995231628,2.61999988555908
Senegal,SEN,GGHED,1.08000004291534,1.07000005245209,0.959999978542328,0.959999978542328,1.02999997138977
Seychelles,SYC,GGHED,3.25,3.58999991416931,3.57999992370605,3.89000010490417,3.77999997138977
Sierra Leone,SLE,GGHED,1.63999998569489,1.85000002384186,0.850000023841858,0.769999980926514,1.23000001907349
Somalia,SOM,GGHED,NULL,NULL,NULL,NULL,NULL
South Africa,ZAF,GGHED,5.01999998092651,4.98999977111816,4.98000001907349,5.07999992370605,5.34999990463257
South Sudan,SSD,GGHED,NULL,NULL,0.699999988079071,0.689999997615814,0.990000009536743
Sudan,SDN,GGHED,2.25999999046326,1.28999996185303,1.0900000333786,0.980000019073486,1.03999996185303
Eswatini,SWZ,GGHED,2.95000004768372,2.84999990463257,3.53999996185303,3.50999999046326,3.44000005722046
Tanzania,TZA,GGHED,1.25999999046326,1.61000001430511,1.58000004291534,1.55999994277954,1.55999994277954
Togo,TGO,GGHED,0.939999997615814,0.980000019073486,1.04999995231628,1.01999998092651,0.860000014305115
Tunisia,TUN,GGHED,3.57999992370605,3.60999989509583,3.83999991416931,3.82999992370605,3.98000001907349
Uganda,UGA,GGHED,0.769999980926514,0.779999971389771,0.639999985694885,0.680000007152557,0.579999983310699
Zimbabwe,ZWE,GGHED,1.54999995231628,1.78999996185303,1.78999996185303,2.77999997138977,1.36000001430511
Zambia,ZMB,GGHED,2.08999991416931,1.71000003814697,1.76999998092651,1.96000003814697,2.13000011444092
Algeria,DZA,GGHED_GGE,10.7299995422363,10.7299995422363,10.7299995422363,10.7299995422363,10.7299995422363
Angola,AGO,GGHED_GGE,4.55999994277954,5.42999982833862,5.42999982833862,5.42999982833862,5.42999982833862
Benin,BEN,GGHED_GGE,3.23000001907349,3.73000001907349,4.57999992370605,2.96000003814697,3.71000003814697
Botswana,BWA,GGHED_GGE,10.4200000762939,11.210000038147,14.3199996948242,14.3199996948242,14.3199996948242
Burkina Faso,BFA,GGHED_GGE,7.15000009536743,11.0299997329712,9.98999977111816,8.77999973297119,9.57999992370605
Burundi,BDI,GGHED_GGE,10.4399995803833,8.47000026702881,8.47000026702881,8.47000026702881,8.47000026702881
Cameroon,CMR,GGHED_GGE,1.80999994277954,1.80999994277954,0.730000019073486,1.12999999523163,0.629999995231628
Cabo Verde,CPV,GGHED_GGE,10.0900001525879,10.3900003433228,10.3900003433228,10.3900003433228,10.3900003433228
Central African Republic,CAF,GGHED_GGE,3.25999999046326,4.94999980926514,5.26000022888184,3.91000008583069,4.84000015258789
Chad,TCD,GGHED_GGE,5.25,5.73000001907349,4.67999982833862,5.23000001907349,5.23000001907349
Comoros,COM,GGHED_GGE,2.45000004768372,3.03999996185303,3.58999991416931,3.96000003814697,4.1399998664856
"Congo, Dem. Rep.",COD,GGHED_GGE,3.83999991416931,3.80999994277954,3.98000001907349,4.48000001907349,4.42000007629395
"Congo, Rep.",COG,GGHED_GGE,2.71000003814697,2.89000010490417,3.41000008583069,3.49000000953674,3.49000000953674
Cote d'Ivoire,CIV,GGHED_GGE,4.86999988555908,4.84999990463257,5.15000009536743,5.11999988555908,5.53999996185303
Djibouti,DJI,GGHED_GGE,4.07000017166138,4.07000017166138,4.07000017166138,4.30999994277954,4.28000020980835
"Egypt, Arab Rep.",EGY,GGHED_GGE,5.05999994277954,5.05999994277954,5.42000007629395,4.71999979019165,4.65999984741211
Equatorial Guinea,GNQ,GGHED_GGE,1.33000004291534,2.5,2.94000005722046,3.23000001907349,3.84999990463257
Eritrea,ERI,GGHED_GGE,2.34999990463257,2.34999990463257,2.34999990463257,2.34999990463257,2.34999990463257
Ethiopia,ETH,GGHED_GGE,5.57000017166138,5.01999998092651,4.78999996185303,4.78999996185303,4.78999996185303
Gabon,GAB,GGHED_GGE,7.03000020980835,9.19999980926514,9.72000026702881,9.42000007629395,9.59000015258789
"Gambia, The",GMB,GGHED_GGE,5.09999990463257,6.59999990463257,4.38000011444092,5.07000017166138,4.42000007629395
Ghana,GHA,GGHED_GGE,8.5600004196167,6.53999996185303,6.03999996185303,6.42000007629395,6.53000020980835
Guinea,GIN,GGHED_GGE,1.98000001907349,4.1100001335144,3.46000003814697,3.84999990463257,6.15000009536743
Guinea-Bissau,GNB,GGHED_GGE,2.5,2.35999989509583,2.75,2.75,2.75
Kenya,KEN,GGHED_GGE,7.75,7.96000003814697,6.82000017166138,7.25,8.3100004196167
Lesotho,LSO,GGHED_GGE,10.289999961853,9.4399995803833,10.75,9.35999965667725,8.76000022888184
Liberia,LBR,GGHED_GGE,3.25,3.90000009536743,4.25,5.28999996185303,4.05000019073486
Libya,LBY,GGHED_GGE,NULL,NULL,NULL,NULL,NULL
Madagascar,MDG,GGHED_GGE,15.2700004577637,17.5100002288818,15.0299997329712,10.4799995422363,7.94999980926514
Malawi,MWI,GGHED_GGE,9.72999954223633,9.68000030517578,8.1899995803833,8.67000007629395,8.67000007629395
Mali,MLI,GGHED_GGE,4.3899998664856,5.42999982833862,5.1399998664856,5.67000007629395,5.67000007629395
Mauritius,MUS,GGHED_GGE,9.46000003814697,10.1999998092651,10.1999998092651,10.1999998092651,10.1999998092651
Mauritania,MRT,GGHED_GGE,5.53000020980835,5.76000022888184,6.07000017166138,6.98000001907349,6.98000001907349
Morocco,MAR,GGHED_GGE,6.84999990463257,7.28999996185303,7.48999977111816,7.17000007629395,7.11999988555908
Mozambique,MOZ,GGHED_GGE,5.55000019073486,5.55000019073486,5.55000019073486,5.55000019073486,5.55000019073486
Namibia,NAM,GGHED_GGE,9.64999961853027,10.4700002670288,10.6499996185303,10.6499996185303,10.6499996185303
Niger,NER,GGHED_GGE,4.59000015258789,5.69000005722046,9.65999984741211,8.35000038146973,9.38000011444092
Nigeria,NGA,GGHED_GGE,5.32999992370605,4.86999988555908,4.44000005722046,3.88000011444092,3.82999992370605
Rwanda,RWA,GGHED_GGE,7.90999984741211,8.88000011444092,8.88000011444092,8.88000011444092,8.88000011444092
Sao Tome and Principe,STP,GGHED_GGE,4.94000005722046,8,10.7600002288818,10.7600002288818,10.7600002288818
Senegal,SEN,GGHED_GGE,4.69999980926514,4.46000003814697,4.26000022888184,4.26000022888184,4.26000022888184
Seychelles,SYC,GGHED_GGE,10.0299997329712,9.5,10.1400003433228,10.1800003051758,10.1800003051758
Sierra Leone,SLE,GGHED_GGE,7.90999984741211,7.90999984741211,3.63000011444092,3.59999990463257,5.82000017166138
Somalia,SOM,GGHED_GGE,NULL,NULL,NULL,NULL,NULL
South Africa,ZAF,GGHED_GGE,15.2399997711182,15.289999961853,15.289999961853,15.289999961853,15.289999961853
South Sudan,SSD,GGHED_GGE,NULL,NULL,2.10999989509583,2.10999989509583,2.10999989509583
Sudan,SDN,GGHED_GGE,18.2900009155273,12.9399995803833,8.32999992370605,5.82999992370605,5.55999994277954
Eswatini,SWZ,GGHED_GGE,8.57999992370605,8.22000026702881,9.97000026702881,9.97000026702881,9.97000026702881
Tanzania,TZA,GGHED_GGE,7.32999992370605,9.52000045776367,9.52000045776367,9.40999984741211,9.55000019073486
Togo,TGO,GGHED_GGE,4.15000009536743,4.26000022888184,6.44999980926514,5.48999977111816,5.38000011444092
Tunisia,TUN,GGHED_GGE,12.289999961853,12.5200004577637,12.5600004196167,12.5699996948242,12.5799999237061
Uganda,UGA,GGHED_GGE,5.07999992370605,4.88000011444092,4.13000011444092,4.17000007629395,3.15000009536743
Zimbabwe,ZWE,GGHED_GGE,7.55999994277954,7.55999994277954,6.44000005722046,8.72999954223633,8.72999954223633
Zambia,ZMB,GGHED_GGE,7.38000011444092,7.05000019073486,7.05000019073486,7.05000019073486,7.05000019073486
Algeria,DZA,GGHED_CAP,205.429992675781,176.5,170.199996948242,168.580001831055,161.330001831055
Angola,AGO,GGHED_CAP,51.4300003051758,41.9900016784668,52.9099998474121,36.7400016784668,29.3999996185303
Benin,BEN,GGHED_CAP,6.30000019073486,6.25,9.26000022888184,6.09000015258789,6.59999990463257
Botswana,BWA,GGHED_CAP,263.839996337891,267.950012207031,366.359985351563,388.230010986328,378.119995117188
Burkina Faso,BFA,GGHED_CAP,9.51000022888184,16.4300003051758,19.2800006866455,17.1200008392334,17.7099990844727
Burundi,BDI,GGHED_CAP,7.3899998664856,5.40000009536743,5.98000001907349,6.21999979019165,6.86999988555908
Cameroon,CMR,GGHED_CAP,5.03000020980835,5.17000007629395,2.0699999332428,3.23000001907349,1.80999994277954
Cabo Verde,CPV,GGHED_CAP,96.5899963378906,96.4499969482422,108.029998779297,116.059997558594,116.98999786377
Central African Republic,CAF,GGHED_CAP,1.72000002861023,2.41000008583069,3.28999996185303,3.35999989509583,3.9300000667572
Chad,TCD,GGHED_CAP,7.46999979019165,5.76000022888184,4.67000007629395,4.96999979019165,5.17000007629395
Comoros,COM,GGHED_CAP,5.78999996185303,7.30999994277954,8.94999980926514,10.8400001525879,11.6199998855591
"Congo, Dem. Rep.",COD,GGHED_CAP,3.28999996185303,2.59999990463257,1.92999994754791,2.78999996185303,3.25
"Congo, Rep.",COG,GGHED_CAP,27.3899993896484,24.5699996948242,21.0100002288818,17.4699993133545,18.2600002288818
Cote d'Ivoire,CIV,GGHED_CAP,15.8699998855591,17.3299999237061,20.0400009155273,20.9799995422363,21.8400001525879
Djibouti,DJI,GGHED_CAP,45.2999992370605,37.2700004577637,33.5400009155273,35.1199989318848,33.1699981689453
"Egypt, Arab Rep.",EGY,GGHED_CAP,57.310001373291,47.3800010681152,35.2999992370605,36.0699996948242,41.6300010681152
Equatorial Guinea,GNQ,GGHED_CAP,62.560001373291,64.2399978637695,57.1199989318848,62.4700012207031,54.1800003051758
Eritrea,ERI,GGHED_CAP,4.46000003814697,4.71999979019165,5.61999988555908,3.74000000953674,4.44999980926514
Ethiopia,ETH,GGHED_CAP,6.03999996185303,6.26999998092651,6.21999979019165,5.65999984741211,6.07000017166138
Gabon,GAB,GGHED_CAP,115.610000610352,140.429992675781,127.23999786377,128.020004272461,129.679992675781
"Gambia, The",GMB,GGHED_CAP,6.59999990463257,8.90999984741211,7.21000003814697,7.84999990463257,8.10000038146973
Ghana,GHA,GGHED_CAP,28.2700004577637,25.6399993896484,22.0300006866455,30.3099994659424,30.2900009155273
Guinea,GIN,GGHED_CAP,3.29999995231628,4.8600001335144,5.1399998664856,5.90000009536743,9.6899995803833
Guinea-Bissau,GNB,GGHED_CAP,3.5699999332428,3.39000010490417,4.01000022888184,4.44000005722046,3.99000000953674
Kenya,KEN,GGHED_CAP,28.1800003051758,31.0400009155273,27.9599990844727,31.7000007629395,38.3499984741211
Lesotho,LSO,GGHED_CAP,61.5099983215332,51.8899993896484,61.1300010681152,58.8199996948242,54.0699996948242
Liberia,LBR,GGHED_CAP,8.32999992370605,9.89000034332275,9.80000019073486,11.4300003051758,8.46000003814697
Libya,LBY,GGHED_CAP,NULL,NULL,NULL,NULL,NULL
Madagascar,MDG,GGHED_CAP,9.30000019073486,11.289999961853,11.5699996948242,7.88000011444092,6.3899998664856
Malawi,MWI,GGHED_CAP,10.2200002670288,8.59000015258789,8.69999980926514,9.14999961853027,9.90999984741211
Mali,MLI,GGHED_CAP,6.90999984741211,9.4399995803833,9.77000045776367,10.3000001907349,11.539999961853
Mauritius,MUS,GGHED_CAP,220.529998779297,244.039993286133,268.339996337891,288.510009765625,322.679992675781
Mauritania,MRT,GGHED_CAP,21.6200008392334,18.4300003051758,19.5499992370605,22.4899997711182,21.6900005340576
Morocco,MAR,GGHED_CAP,61.4300003051758,65.5100021362305,69.3899993896484,70.25,69.4700012207031
Mozambique,MOZ,GGHED_CAP,10.710000038147,7.01000022888184,7.67999982833862,9.11999988555908,8.39999961853027
Namibia,NAM,GGHED_CAP,206.279998779297,198.779998779297,217.660003662109,216.270004272461,200.380004882813
Niger,NER,GGHED_CAP,5.38000011444092,5.48000001907349,9.76000022888184,10.0799999237061,11.210000038147
Nigeria,NGA,GGHED_CAP,16.0799999237061,10.3400001525879,10.4899997711182,10.710000038147,11.3999996185303
Rwanda,RWA,GGHED_CAP,15.8199996948242,16.6399993896484,17.2099990844727,18.3500003814697,20.5300006866455
Sao Tome and Principe,STP,GGHED_CAP,26.9500007629395,44.3400001525879,53.8600006103516,55.1300010681152,51.2900009155273
Senegal,SEN,GGHED_CAP,13.1499996185303,13.5600004196167,13.0200004577637,14,14.789999961853
Seychelles,SYC,GGHED_CAP,470.679992675781,534.140014648438,568.179992675781,620.390014648438,610.799987792969
Sierra Leone,SLE,GGHED_CAP,9.72000026702881,9.72999954223633,4.23000001907349,4.09999990463257,6.46000003814697
Somalia,SOM,GGHED_CAP,NULL,NULL,NULL,NULL,NULL
South Africa,ZAF,GGHED_CAP,287.540008544922,263.25,305.230010986328,323.440002441406,321.230010986328
South Sudan,SSD,GGHED_CAP,NULL,NULL,2.23000001907349,2.91000008583069,3.69000005722046
Sudan,SDN,GGHED_CAP,49.4799995422363,39.0099983215332,34.6800003051758,13.0900001525879,10.6499996185303
Eswatini,SWZ,GGHED_CAP,108.370002746582,97.4899978637695,138.729995727539,144.309997558594,133.970001220703
Tanzania,TZA,GGHED_CAP,11.5699996948242,15.1099996566772,15.3800001144409,15.8199996948242,16.4899997711182
Togo,TGO,GGHED_CAP,7.26999998092651,7.88000011444092,8.71000003814697,9.1899995803833,7.71000003814697
Tunisia,TUN,GGHED_CAP,138.059997558594,133.660003662109,133.050003051758,133.039993286133,133.179992675781
Uganda,UGA,GGHED_CAP,5.96999979019165,6,4.90000009536743,5.38000011444092,4.90000009536743
Zimbabwe,ZWE,GGHED_CAP,22.4200000762939,26.2000007629395,27.7800006866455,45.3199996948242,18.1700000762939
Zambia,ZMB,GGHED_CAP,27.9699993133545,21.9599990844727,27.1100006103516,29.7600002288818,27.7900009155273
Algeria,DZA,GGHED_CAP_PPP,590.809997558594,519.890014648438,486.089996337891,483.970001220703,487.790008544922
Angola,AGO,GGHED_CAP_PPP,90.5599975585938,85.0599975585938,94.4499969482422,79.3199996948242,73.3899993896484
Benin,BEN,GGHED_CAP_PPP,16.8999996185303,17.2700004577637,24.7900009155273,15.8900003433228,18.5699996948242
Botswana,BWA,GGHED_CAP_PPP,603.22998046875,638.460021972656,800.809997558594,847.010009765625,881.150024414063
Burkina Faso,BFA,GGHED_CAP_PPP,24.9500007629395,45.2400016784668,53.6100006103516,45.7200012207031,51.1800003051758
Burundi,BDI,GGHED_CAP_PPP,20.3600006103516,15.2399997711182,15.789999961853,17.8600006103516,20.6299991607666
Cameroon,CMR,GGHED_CAP_PPP,12.3500003814697,12.9099998474121,5.17999982833862,7.76999998092651,4.57000017166138
Cabo Verde,CPV,GGHED_CAP_PPP,190.279998779297,194.770004272461,217.970001220703,225.649993896484,243.119995117188
Central African Republic,CAF,GGHED_CAP_PPP,3.58999991416931,5.09999990463257,6.65000009536743,6.75,8.28999996185303
Chad,TCD,GGHED_CAP_PPP,17.5100002288818,13.8299999237061,11.1400003433228,11.0600004196167,12.0200004577637
Comoros,COM,GGHED_CAP_PPP,12.6300001144409,16.4400005340576,20.4899997711182,24.0499992370605,27.1000003814697
"Congo, Dem. Rep.",COD,GGHED_CAP_PPP,5.98999977111816,5.30999994277954,4.38000011444092,5.57999992370605,6.42000007629395
"Congo, Rep.",COG,GGHED_CAP_PPP,51.9099998474121,45.9900016784668,40.9799995422363,27.1299991607666,30.7099990844727
Cote d'Ivoire,CIV,GGHED_CAP_PPP,37.4300003051758,40.7000007629395,45.8600006103516,46.7400016784668,52.2200012207031
Djibouti,DJI,GGHED_CAP_PPP,77.9300003051758,62.4099998474121,56.2200012207031,60.0699996948242,55.8899993896484
"Egypt, Arab Rep.",EGY,GGHED_CAP_PPP,191.949996948242,185.309997558594,192.169998168945,165.509994506836,161.770004272461
Equatorial Guinea,GNQ,GGHED_CAP_PPP,133.289993286133,142.080001831055,133.240005493164,128.429992675781,129.110000610352
Eritrea,ERI,GGHED_CAP_PPP,11.7700004577637,12.4799995422363,15.4899997711182,11.3299999237061,14.4099998474121
Ethiopia,ETH,GGHED_CAP_PPP,16,16.9099998474121,17.4099998474121,16.6100006103516,17.0499992370605
Gabon,GAB,GGHED_CAP_PPP,230.119995117188,287.230010986328,264.089996337891,243.020004272461,260.660003662109
"Gambia, The",GMB,GGHED_CAP_PPP,20.6299991607666,26.6800003051758,21.9899997711182,23.6800003051758,24.1700000762939
Ghana,GHA,GGHED_CAP_PPP,82.9700012207031,64.9300003051758,54.3199996948242,73.2399978637695,77.75
Guinea,GIN,GGHED_CAP_PPP,7.80999994277954,13.8000001907349,14.5200004577637,17.1599998474121,26.9400005340576
Guinea-Bissau,GNB,GGHED_CAP_PPP,9.4399995803833,8.9399995803833,10.4499998092651,11.3999996185303,11.8900003433228
Kenya,KEN,GGHED_CAP_PPP,70.8600006103516,80.0100021362305,71.9499969482422,79.9300003051758,95.4599990844727
Lesotho,LSO,GGHED_CAP_PPP,165.169998168945,152.309997558594,147.919998168945,135.529998779297,136.539993286133
Liberia,LBR,GGHED_CAP_PPP,15.1599998474121,19.0799999237061,21.2600002288818,25.8700008392334,20.2800006866455
Libya,LBY,GGHED_CAP_PPP,NULL,NULL,NULL,NULL,NULL
Madagascar,MDG,GGHED_CAP_PPP,30.7800006866455,38.1100006103516,35.5900001525879,24.6800003051758,21
Malawi,MWI,GGHED_CAP_PPP,27.3700008392334,27.8799991607666,25.3099994659424,25.6299991607666,26.6299991607666
Mali,MLI,GGHED_CAP_PPP,18.6900005340576,26.4599990844727,26.4599990844727,26.9300003051758,31.8199996948242
Mauritius,MUS,GGHED_CAP_PPP,457.950012207031,521.799987792969,548.070007324219,585.580017089844,694.320007324219
Mauritania,MRT,GGHED_CAP_PPP,59.5900001525879,56.3699989318848,62.9000015258789,72.5500030517578,70.0999984741211
Morocco,MAR,GGHED_CAP_PPP,150.080001831055,160.850006103516,167.149993896484,166.059997558594,169.279998779297
Mozambique,MOZ,GGHED_CAP_PPP,23.4400005340576,22.2700004577637,21.3700008392334,23.9300003051758,22.3099994659424
Namibia,NAM,GGHED_CAP_PPP,447.950012207031,455.850006103516,412.730010986328,400.390014648438,406.790008544922
Niger,NER,GGHED_CAP_PPP,12.7299995422363,12.6400003433228,21.9300003051758,21.6700000762939,25.8700008392334
Nigeria,NGA,GGHED_CAP_PPP,31.9699993133545,24.8600006103516,27.6499996185303,26.2700004577637,25.8799991607666
Rwanda,RWA,GGHED_CAP_PPP,38,42.0499992370605,44.0200004577637,50.1300010681152,58.2200012207031
Sao Tome and Principe,STP,GGHED_CAP_PPP,64.8099975585938,100.830001831055,116.449996948242,113.540000915527,107.269996643066
Senegal,SEN,GGHED_CAP_PPP,32.0400009155273,32.8499984741211,30.6499996185303,32.439998626709,36.25
Seychelles,SYC,GGHED_CAP_PPP,768.239990234375,910.289978027344,973.109985351563,1085.4599609375,1068.25
Sierra Leone,SLE,GGHED_CAP_PPP,26.2399997711182,30.9899997711182,13.8999996185303,13.1000003814697,21.9899997711182
Somalia,SOM,GGHED_CAP_PPP,NULL,NULL,NULL,NULL,NULL
South Africa,ZAF,GGHED_CAP_PPP,629.789978027344,628.710021972656,632.799987792969,656.539978027344,697.669982910156
South Sudan,SSD,GGHED_CAP_PPP,NULL,NULL,7.13000011444092,7.01000022888184,10.2700004577637
Sudan,SDN,GGHED_CAP_PPP,100.449996948242,71.8300018310547,50.189998626709,44.5099983215332,46.4000015258789
Eswatini,SWZ,GGHED_CAP_PPP,259.760009765625,247.770004272461,297.859985351563,306.619995117188,309.730010986328
Tanzania,TZA,GGHED_CAP_PPP,28.6599998474121,38.75,38.7299995422363,39.560001373291,40.6199989318848
Togo,TGO,GGHED_CAP_PPP,17.7800006866455,19.1900005340576,21.0900001525879,21.5,18.9300003051758
Tunisia,TUN,GGHED_CAP_PPP,364.989990234375,374.429992675781,405.339996337891,426.559997558594,450.880004882813
Uganda,UGA,GGHED_CAP_PPP,17.1800003051758,16.9200000762939,13.9300003051758,15.460000038147,13.960000038147
Zimbabwe,ZWE,GGHED_CAP_PPP,41.5699996948242,50.2099990844727,54.3300018310547,86.3099975585938,36.75
Zambia,ZMB,GGHED_CAP_PPP,71.7099990844727,58.3699989318848,61.5299987792969,70.8099975585938,77.1600036621094
Algeria,DZA,PVTD_CHE,29.5100002288818,32.2900009155273,34.0200004577637,34.1300010681152,34.9599990844727
Angola,AGO,PVTD_CHE,49.9599990844727,52.2200012207031,50.6100006103516,54.5900001525879,55.6100006103516
Benin,BEN,PVTD_CHE,45.6300010681152,48.4500007629395,49.4300003051758,50.3499984741211,53.0099983215332
Botswana,BWA,PVTD_CHE,25.2099990844727,27.8099994659424,14.7299995422363,15.1899995803833,15.3299999237061
Burkina Faso,BFA,PVTD_CHE,46.9500007629395,36.439998626709,38.7000007629395,42.310001373291,42.3899993896484
Burundi,BDI,PVTD_CHE,52.5900001525879,43.0800018310547,42.8699989318848,39.6399993896484,40.9700012207031
Cameroon,CMR,PVTD_CHE,79.9899978637695,80.0299987792969,86.3099975585938,85.2200012207031,82.4400024414063
Cabo Verde,CPV,PVTD_CHE,30.0400009155273,31.3299999237061,29.8500003814697,29.6700000762939,27.3899993896484
Central African Republic,CAF,PVTD_CHE,49.5400009155273,56.1599998474121,57.6100006103516,42.3600006103516,61.310001373291
Chad,TCD,PVTD_CHE,61.7099990844727,61.6300010681152,64.4100036621094,67.8499984741211,62.25
Comoros,COM,PVTD_CHE,79.0800018310547,75,67.370002746582,71.2399978637695,66.3600006103516
"Congo, Dem. Rep.",COD,PVTD_CHE,44.0499992370605,44.1500015258789,47.5800018310547,49.7000007629395,45.3600006103516
"Congo, Rep.",COG,PVTD_CHE,35.5400009155273,51.7299995422363,54.3800010681152,59.2000007629395,54.060001373291
Cote d'Ivoire,CIV,PVTD_CHE,61.9300003051758,59.3800010681152,58.2400016784668,58.6599998474121,55.6800003051758
Djibouti,DJI,PVTD_CHE,21.7600002288818,24.5499992370605,27.7099990844727,30.8199996948242,25.5799999237061
"Egypt, Arab Rep.",EGY,PVTD_CHE,68.5500030517578,68.120002746582,68.7099990844727,70.5999984741211,71.1600036621094
Equatorial Guinea,GNQ,PVTD_CHE,79.7399978637695,76.7200012207031,77.9400024414063,77.5299987792969,77.8300018310547
Eritrea,ERI,PVTD_CHE,42.1399993896484,56.4599990844727,40.939998626709,48.9000015258789,43.2000007629395
Ethiopia,ETH,PVTD_CHE,56.4900016784668,54.7700004577637,39.7000007629395,40.5999984741211,43.189998626709
Gabon,GAB,PVTD_CHE,40.2700004577637,34.6199989318848,36.1100006103516,40.1800003051758,39.1199989318848
"Gambia, The",GMB,PVTD_CHE,33.6199989318848,28.5499992370605,25.5699996948242,21.9500007629395,27.4799995422363
Ghana,GHA,PVTD_CHE,39.9900016784668,48.8499984741211,54.1100006103516,49.5200004577637,48.4799995422363
Guinea,GIN,PVTD_CHE,69.1500015258789,60.4700012207031,75.1600036621094,72.6900024414063,66.6800003051758
Guinea-Bissau,GNB,PVTD_CHE,69.9199981689453,67.4899978637695,71.7099990844727,66.9899978637695,68.3000030517578
Kenya,KEN,PVTD_CHE,41.7000007629395,40.9799995422363,35.9700012207031,34.7400016784668,35.5099983215332
Lesotho,LSO,PVTD_CHE,16.6599998474121,17.6700000762939,16.0100002288818,14.5299997329712,14.1800003051758
Liberia,LBR,PVTD_CHE,55.4099998474121,55.6699981689453,57.1100006103516,56.3800010681152,59.2200012207031
Libya,LBY,PVTD_CHE,NULL,NULL,NULL,NULL,NULL
Madagascar,MDG,PVTD_CHE,31.5799999237061,28.4400005340576,30.9099998474121,35.1399993896484,39.5900001525879
Malawi,MWI,PVTD_CHE,17.8500003814697,21.5499992370605,17.4799995422363,18.1200008392334,23.8400001525879
Mali,MLI,PVTD_CHE,36.3300018310547,37.7400016784668,39.3300018310547,34.1599998474121,32.9000015258789
Mauritius,MUS,PVTD_CHE,55.7299995422363,55.6599998474121,55.4599990844727,55.560001373291,52.6699981689453
Mauritania,MRT,PVTD_CHE,52.7400016784668,58.9099998474121,54.3400001525879,51.4599990844727,50.6500015258789
Morocco,MAR,PVTD_CHE,58.2400016784668,57.3400001525879,56.7799987792969,59.6300010681152,59.4099998474121
Mozambique,MOZ,PVTD_CHE,18.2900009155273,17.2900009155273,15.8500003814697,15.3199996948242,16
Namibia,NAM,PVTD_CHE,52.0800018310547,46.1300010681152,46.7200012207031,48.7700004577637,48.4500007629395
Niger,NER,PVTD_CHE,54.6599998474121,60.9500007629395,51.7200012207031,54.8800010681152,49.060001373291
Nigeria,NGA,PVTD_CHE,73.6399993896484,76.6600036621094,77.8899993896484,76.5199966430664,71.3000030517578
Rwanda,RWA,PVTD_CHE,26.1599998474121,24.6499996185303,25.7800006866455,25.5799999237061,26.2600002288818
Sao Tome and Principe,STP,PVTD_CHE,17.3500003814697,15.8000001907349,16.0699996948242,18.1200008392334,19.2199993133545
Senegal,SEN,PVTD_CHE,57.4099998474121,57.5999984741211,59.8899993896484,55.7400016784668,57.0299987792969
Seychelles,SYC,PVTD_CHE,28.9500007629395,26.9300003051758,26.3700008392334,25.7900009155273,27.2700004577637
Sierra Leone,SLE,PVTD_CHE,41.7900009155273,47.8300018310547,56.189998626709,61.8600006103516,56.0099983215332
Somalia,SOM,PVTD_CHE,NULL,NULL,NULL,NULL,NULL
South Africa,ZAF,PVTD_CHE,41.25,41.3499984741211,41.7999992370605,41.5699996948242,40.1399993896484
South Sudan,SSD,PVTD_CHE,NULL,NULL,23.4400005340576,26.5499992370605,28.7299995422363
Sudan,SDN,PVTD_CHE,66.9199981689453,74.4499969482422,76.620002746582,70.3000030517578,70.75
Eswatini,SWZ,PVTD_CHE,25.5799999237061,25.6200008392334,25.5100002288818,22.0799999237061,23.1499996185303
Tanzania,TZA,PVTD_CHE,27.7099990844727,22.9599990844727,22.1399993896484,21.6499996185303,22.9699993133545
Togo,TGO,PVTD_CHE,65.4400024414063,62.7299995422363,68.8399963378906,73.75,75.8099975585938
Tunisia,TUN,PVTD_CHE,45.9700012207031,44.6300010681152,43.4900016784668,43.3400001525879,42.5
Uganda,UGA,PVTD_CHE,41.9199981689453,43.060001373291,40.8899993896484,39.7099990844727,42.8600006103516
Zimbabwe,ZWE,PVTD_CHE,54.9300003051758,48.7799987792969,45.2799987792969,42.7700004577637,52.810001373291
Zambia,ZMB,PVTD_CHE,16.5,19.2199993133545,19.0699996948242,16.6299991607666,16.2099990844727
Algeria,DZA,PVTD_CAP,86.0500030517578,84.2099990844727,87.7900009155273,87.3600006103516,86.7600021362305
Angola,AGO,PVTD_CAP,54.25,49.6699981689453,57.8600006103516,47.6599998474121,39.6599998474121
Benin,BEN,PVTD_CAP,14.289999961853,14.4300003051758,14.710000038147,15.6499996185303,15.4399995803833
Botswana,BWA,PVTD_CAP,98.1699981689453,112.029998779297,71.3199996948242,75.0500030517578,73.8099975585938
Burkina Faso,BFA,PVTD_CAP,15.7399997711182,14.9300003051758,17.2299995422363,17.0400009155273,17.9500007629395
Burundi,BDI,PVTD_CAP,10.3299999237061,9.38000011444092,9.93000030517578,8.88000011444092,8.43000030517578
Cameroon,CMR,PVTD_CAP,39.810001373291,40.7200012207031,42.9599990844727,45.310001373291,44.5099983215332
Cabo Verde,CPV,PVTD_CAP,44.060001373291,47.5400009155273,51.8800010681152,56.5,48.7299995422363
Central African Republic,CAF,PVTD_CAP,9.40999984741211,12.3000001907349,17.3099994659424,22.7399997711182,22.8099994659424
Chad,TCD,PVTD_CAP,21.6599998474121,21.8099994659424,19.7099990844727,20.1499996185303,18.5799999237061
Comoros,COM,PVTD_CAP,45.2099990844727,44.4199981689453,46.9799995422363,49.4599990844727,47.9900016784668
"Congo, Dem. Rep.",COD,PVTD_CAP,8.69999980926514,9.07999992370605,9.23999977111816,9.21000003814697,9.32999992370605
"Congo, Rep.",COG,PVTD_CAP,21.3799991607666,29.4500007629395,29.7800006866455,29.2800006866455,26.25
Cote d'Ivoire,CIV,PVTD_CAP,39.3400001525879,40.0699996948242,40.6399993896484,42.3300018310547,41.810001373291
Djibouti,DJI,PVTD_CAP,17.9099998474121,18.8700008392334,20.0200004577637,21.9099998474121,15.8100004196167
"Egypt, Arab Rep.",EGY,PVTD_CAP,125.75,104.559997558594,78.3199996948242,88.6399993896484,106.620002746582
Equatorial Guinea,GNQ,PVTD_CAP,262.299987792969,223.160003662109,223.009994506836,240.809997558594,198.389999389648
Eritrea,ERI,PVTD_CAP,11.3000001907349,12.789999961853,8.51000022888184,11.7299995422363,10.9099998474121
Ethiopia,ETH,PVTD_CAP,13.5100002288818,13.7299995422363,9.89999961853027,9.85999965667725,11.5500001907349
Gabon,GAB,PVTD_CAP,79.0299987792969,75.1399993896484,72.5999984741211,87.7799987792969,84.120002746582
"Gambia, The",GMB,PVTD_CAP,7.05000019073486,7.26000022888184,7.19999980926514,7.8600001335144,8.17000007629395
Ghana,GHA,PVTD_CAP,32.2299995422363,32.6599998474121,36.810001373291,38.0499992370605,36.5
Guinea,GIN,PVTD_CAP,30.8999996185303,23.8999996185303,25.1800003051758,25.9599990844727,28.7000007629395
Guinea-Bissau,GNB,PVTD_CAP,37.7200012207031,39.2599983215332,40.3699989318848,41.0200004577637,42.7400016784668
Kenya,KEN,PVTD_CAP,29.1000003814697,29.7199993133545,23.4200000762939,25.5400009155273,29.6200008392334
Lesotho,LSO,PVTD_CAP,17.3600006103516,15.8199996948242,17.75,18.1200008392334,17.6100006103516
Liberia,LBR,PVTD_CAP,40.7000007629395,38.9700012207031,36.8300018310547,34.5200004577637,31.1299991607666
Libya,LBY,PVTD_CAP,NULL,NULL,NULL,NULL,NULL
Madagascar,MDG,PVTD_CAP,7.34000015258789,7.11999988555908,7.71000003814697,7.84999990463257,7.8600001335144
Malawi,MWI,PVTD_CAP,6.36999988555908,7.48999977111816,6.71000003814697,6.78000020980835,7.25
Mali,MLI,PVTD_CAP,11.2200002670288,11.1199998855591,11.9899997711182,11.4099998474121,11.2799997329712
Mauritius,MUS,PVTD_CAP,294.880004882813,307.929992675781,337.820007324219,364.829986572266,361.260009765625
Mauritania,MRT,PVTD_CAP,29.5300006866455,28.0400009155273,28.6200008392334,29.4899997711182,29.3199996948242
Morocco,MAR,PVTD_CAP,86.120002746582,88.3600006103516,91.620002746582,104.220001220703,103.5
Mozambique,MOZ,PVTD_CAP,7.23999977111816,5.32000017166138,5.67999982833862,6.23999977111816,6.30999994277954
Namibia,NAM,PVTD_CAP,254.539993286133,195.550003051758,218.679992675781,226.520004272461,206.990005493164
Niger,NER,PVTD_CAP,14.1499996185303,13.7600002288818,14.9300003051758,16.6100006103516,15.3999996185303
Nigeria,NGA,PVTD_CAP,72.0199966430664,60.8499984741211,57.5499992370605,50.9199981689453,50.9599990844727
Rwanda,RWA,PVTD_CAP,13.0799999237061,12.7799997329712,12.7200002670288,13.3800001144409,13.5
Sao Tome and Principe,STP,PVTD_CAP,14.7799997329712,17.3799991607666,18.7999992370605,20.8400001525879,20.8400001525879
Senegal,SEN,PVTD_CAP,30.6800003051758,31.1700000762939,32.5999984741211,34.4500007629395,33.7000007629395
Seychelles,SYC,PVTD_CAP,192.699996948242,208.050003051758,205.100006103516,216.699996948242,228.979995727539
Sierra Leone,SLE,PVTD_CAP,50.5299987792969,41.6599998474121,26.2299995422363,27.3799991607666,25.8500003814697
Somalia,SOM,PVTD_CAP,NULL,NULL,NULL,NULL,NULL
South Africa,ZAF,PVTD_CAP,207.789993286133,192.330001831055,223.369995117188,234.669998168945,219.419998168945
South Sudan,SSD,PVTD_CAP,NULL,NULL,6.17999982833862,7.09000015258789,6.5
Sudan,SDN,PVTD_CAP,106.330001831055,123.470001220703,147.570007324219,41.8400001525879,33.2000007629395
Eswatini,SWZ,PVTD_CAP,66.370002746582,59.8699989318848,69.7399978637695,65.8099975585938,61.1199989318848
Tanzania,TZA,PVTD_CAP,9.3100004196167,8.53999996185303,8.8100004196167,9.10000038146973,9.27000045776367
Togo,TGO,PVTD_CAP,24.9799995422363,26.9699993133545,37.1399993896484,40.4799995422363,38.7799987792969
Tunisia,TUN,PVTD_CAP,117.559997558594,109.089996337891,103.220001220703,102.610000610352,99.0500030517578
Uganda,UGA,PVTD_CAP,16.5,16.4699993133545,12.5500001907349,12.7299995422363,13.8900003433228
Zimbabwe,ZWE,PVTD_CAP,59.1500015258789,54.8400001525879,52.3600006103516,60.4599990844727,54.4099998474121
Zambia,ZMB,PVTD_CAP,9.78999996185303,11.0200004577637,12.8199996948242,12.6899995803833,11.2399997711182
Algeria,DZA,PVTD_CAP_PPP,247.479995727539,248.029998779297,250.729995727539,250.820007324219,262.320007324219
Angola,AGO,PVTD_CAP_PPP,95.5299987792969,100.639999389648,103.279998779297,102.900001525879,98.9899978637695
Benin,BEN,PVTD_CAP_PPP,38.2999992370605,39.8800010681152,39.4099998474121,40.8300018310547,43.4599990844727
Botswana,BWA,PVTD_CAP_PPP,224.460006713867,266.929992675781,155.889999389648,163.75,171.990005493164
Burkina Faso,BFA,PVTD_CAP_PPP,41.2900009155273,41.1199989318848,47.9199981689453,45.5099983215332,51.8899993896484
Burundi,BDI,PVTD_CAP_PPP,28.4500007629395,26.5,26.2099990844727,25.4899997711182,25.3199996948242
Cameroon,CMR,PVTD_CAP_PPP,97.7799987792969,101.629997253418,107.139999389648,109.01000213623,112.309997558594
Cabo Verde,CPV,PVTD_CAP_PPP,86.8000030517578,96.0100021362305,104.680000305176,109.860000610352,101.269996643066
Central African Republic,CAF,PVTD_CAP_PPP,19.6299991607666,26.0200004577637,35.0499992370605,45.6800003051758,48.0900001525879
Chad,TCD,PVTD_CAP_PPP,50.810001373291,52.3600006103516,46.9700012207031,44.810001373291,43.2000007629395
Comoros,COM,PVTD_CAP_PPP,98.5899963378906,99.9300003051758,107.610000610352,109.730003356934,111.910003662109
"Congo, Dem. Rep.",COD,PVTD_CAP_PPP,15.8299999237061,18.5699996948242,20.9599990844727,18.3799991607666,18.4200000762939
"Congo, Rep.",COG,PVTD_CAP_PPP,40.5099983215332,55.1199989318848,58.0900001525879,45.4599990844727,44.1599998474121
Cote d'Ivoire,CIV,PVTD_CAP_PPP,92.7900009155273,94.0899963378906,92.9899978637695,94.3300018310547,99.9800033569336
Djibouti,DJI,PVTD_CAP_PPP,30.8099994659424,31.6100006103516,33.5499992370605,37.4700012207031,26.6399993896484
"Egypt, Arab Rep.",EGY,PVTD_CAP_PPP,421.179992675781,408.980010986328,426.329986572266,406.720001220703,414.290008544922
Equatorial Guinea,GNQ,PVTD_CAP_PPP,558.900024414063,493.570007324219,520.200012207031,495.079986572266,472.779998779297
Eritrea,ERI,PVTD_CAP_PPP,29.8199996948242,33.7999992370605,23.4599990844727,35.5099983215332,35.3499984741211
Ethiopia,ETH,PVTD_CAP_PPP,35.7900009155273,37.0499992370605,27.7199993133545,28.9400005340576,32.439998626709
Gabon,GAB,PVTD_CAP_PPP,157.300003051758,153.690002441406,150.669998168945,166.630004882813,169.080001831055
"Gambia, The",GMB,PVTD_CAP_PPP,22.0699996948242,21.75,21.9699993133545,23.7199993133545,24.3799991607666
Ghana,GHA,PVTD_CAP_PPP,94.5699996948242,82.6800003051758,90.7799987792969,91.9300003051758,93.6800003051758
Guinea,GIN,PVTD_CAP_PPP,73.0800018310547,67.8399963378906,71.1500015258789,75.5299987792969,79.7399978637695
Guinea-Bissau,GNB,PVTD_CAP_PPP,99.8499984741211,103.680000305176,105.230003356934,105.230003356934,127.330001831055
Kenya,KEN,PVTD_CAP_PPP,73.1699981689453,76.5899963378906,60.2799987792969,64.4000015258789,73.7300033569336
Lesotho,LSO,PVTD_CAP_PPP,46.6100006103516,46.4300003051758,42.9500007629395,41.75,44.4599990844727
Liberia,LBR,PVTD_CAP_PPP,74.0299987792969,75.1999969482422,79.9000015258789,78.1500015258789,74.629997253418
Libya,LBY,PVTD_CAP_PPP,NULL,NULL,NULL,NULL,NULL
Madagascar,MDG,PVTD_CAP_PPP,24.2900009155273,24.0200004577637,23.7199993133545,24.5900001525879,25.8199996948242
Malawi,MWI,PVTD_CAP_PPP,17.0499992370605,24.2999992370605,19.5100002288818,19,19.4799995422363
Mali,MLI,PVTD_CAP_PPP,30.3600006103516,31.1800003051758,32.4700012207031,29.8299999237061,31.1000003814697
Mauritius,MUS,PVTD_CAP_PPP,612.330017089844,658.409973144531,690,740.489990234375,777.320007324219
Mauritania,MRT,PVTD_CAP_PPP,81.379997253418,85.7399978637695,92.0699996948242,95.1399993896484,94.7399978637695
Morocco,MAR,PVTD_CAP_PPP,210.410003662109,216.979995727539,220.699996948242,246.360000610352,252.179992675781
Mozambique,MOZ,PVTD_CAP_PPP,15.8599996566772,16.9099998474121,15.789999961853,16.3799991607666,16.7700004577637
Namibia,NAM,PVTD_CAP_PPP,552.760009765625,448.440002441406,414.670013427734,419.359985351563,420.209991455078
Niger,NER,PVTD_CAP_PPP,33.4700012207031,31.7199993133545,33.5400009155273,35.7000007629395,35.560001373291
Nigeria,NGA,PVTD_CAP_PPP,143.130004882813,146.380004882813,151.75,124.889999389648,115.730003356934
Rwanda,RWA,PVTD_CAP_PPP,31.4200000762939,32.2999992370605,32.5400009155273,36.5299987792969,38.2799987792969
Sao Tome and Principe,STP,PVTD_CAP_PPP,35.5499992370605,39.5200004577637,40.6500015258789,42.9300003051758,43.5900001525879
Senegal,SEN,PVTD_CAP_PPP,74.7600021362305,75.4899978637695,76.6900024414063,79.8000030517578,82.5800018310547
Seychelles,SYC,PVTD_CAP_PPP,314.529998779297,354.570007324219,351.269989013672,379.140014648438,400.470001220703
Sierra Leone,SLE,PVTD_CAP_PPP,136.419998168945,132.669998168945,86.2900009155273,87.370002746582,87.9400024414063
Somalia,SOM,PVTD_CAP_PPP,NULL,NULL,NULL,NULL,NULL
South Africa,ZAF,PVTD_CAP_PPP,455.119995117188,459.339996337891,463.079986572266,476.359985351563,476.549987792969
South Sudan,SSD,PVTD_CAP_PPP,NULL,NULL,19.7900009155273,17.0499992370605,18.0900001525879
Sudan,SDN,PVTD_CAP_PPP,215.850006103516,227.350006103516,213.520004272461,142.300003051758,144.720001220703
Eswatini,SWZ,PVTD_CAP_PPP,159.089996337891,152.149993896484,149.729995727539,139.839996337891,141.320007324219
Tanzania,TZA,PVTD_CAP_PPP,23.0599994659424,21.8999996185303,22.1900005340576,22.7600002288818,22.8199996948242
Togo,TGO,PVTD_CAP_PPP,61.1500015258789,65.620002746582,89.9599990844727,94.6999969482422,95.1800003051758
Tunisia,TUN,PVTD_CAP_PPP,310.769989013672,305.600006103516,314.459991455078,328.989990234375,335.329986572266
Uganda,UGA,PVTD_CAP_PPP,47.5200004577637,46.4700012207031,35.6599998474121,36.5900001525879,39.5999984741211
Zimbabwe,ZWE,PVTD_CAP_PPP,109.669998168945,105.080001831055,102.419998168945,115.129997253418,110.069999694824
Zambia,ZMB,PVTD_CAP_PPP,25.1100006103516,29.2900009155273,29.1000003814697,30.1800003051758,31.2099990844727
Algeria,DZA,EXT_EHE,57.4599990844727,37.8499984741211,24.4699993133545,23.4799995422363,61.4199981689453
Angola,AGO,EXT_EHE,28,29.7999992370605,37.75,32.060001373291,33.0299987792969
Benin,BEN,EXT_EHE,54.189998626709,45.5099983215332,56.3800010681152,71.1999969482422,62.5699996948242
Botswana,BWA,EXT_EHE,73.1900024414063,58.7599983215332,29.9099998474121,60.4599990844727,64.6500015258789
Burkina Faso,BFA,EXT_EHE,99.9199981689453,89.6699981689453,96.3300018310547,87.3199996948242,88.7900009155273
Burundi,BDI,EXT_EHE,6.53000020980835,72.4599990844727,77.5699996948242,80.0899963378906,73.8499984741211
Cameroon,CMR,EXT_EHE,55.1399993896484,55.939998626709,58.4000015258789,60.2000007629395,65.879997253418
Cabo Verde,CPV,EXT_EHE,61.7599983215332,68.6100006103516,83.9700012207031,81.6800003051758,74.2799987792969
Central African Republic,CAF,EXT_EHE,31.8799991607666,45.6100006103516,14.7600002288818,13.9200000762939,23.7900009155273
Chad,TCD,EXT_EHE,41.7599983215332,55.1500015258789,25.6499996185303,45.7799987792969,55
Comoros,COM,EXT_EHE,89.5100021362305,42.1599998474121,67.0100021362305,60.4300003051758,98.5100021362305
"Congo, Dem. Rep.",COD,EXT_EHE,71.2600021362305,52.0800018310547,49.8400001525879,44.8800010681152,53.6800003051758
"Congo, Rep.",COG,EXT_EHE,94.3199996948242,78.7900009155273,81.5199966430664,84.7300033569336,42.1699981689453
Cote d'Ivoire,CIV,EXT_EHE,28.8799991607666,51.9799995422363,58.7599983215332,39.439998626709,59.1699981689453
Djibouti,DJI,EXT_EHE,97.0999984741211,51.4799995422363,29.5599994659424,24.8099994659424,27.4799995422363
"Egypt, Arab Rep.",EGY,EXT_EHE,NULL,85.0299987792969,41.560001373291,87.2399978637695,90.2300033569336
Equatorial Guinea,GNQ,EXT_EHE,54.3899993896484,26.8199996948242,58.6100006103516,54.1599998474121,5.42000007629395
Eritrea,ERI,EXT_EHE,89.6600036621094,69.3399963378906,78.7900009155273,83.3300018310547,58.8600006103516
Ethiopia,ETH,EXT_EHE,66.1699981689453,80.9700012207031,55.8699989318848,57.3600006103516,58.7000007629395
Gabon,GAB,EXT_EHE,23.1299991607666,18.2999992370605,19.1700000762939,9.11999988555908,NULL
"Gambia, The",GMB,EXT_EHE,45.1500015258789,36.3400001525879,39.2000007629395,61.3400001525879,64.25
Ghana,GHA,EXT_EHE,67.1399993896484,39.439998626709,53.8800010681152,54.7200012207031,47.6599998474121
Guinea,GIN,EXT_EHE,90.6600036621094,97.3399963378906,70.3000030517578,91.8899993896484,93.9499969482422
Guinea-Bissau,GNB,EXT_EHE,28.8700008392334,19.7600002288818,21.75,27.3299999237061,37.5400009155273
Kenya,KEN,EXT_EHE,33.4000015258789,40.2099990844727,16.8400001525879,25.2800006866455,15.8199996948242
Lesotho,LSO,EXT_EHE,49.6300010681152,51.1699981689453,47.5,53.5200004577637,54.8499984741211
Liberia,LBR,EXT_EHE,46.9900016784668,48.2599983215332,46.3699989318848,41.5699996948242,24.2199993133545
Libya,LBY,EXT_EHE,NULL,NULL,NULL,NULL,NULL
Madagascar,MDG,EXT_EHE,28.7999992370605,24.9699993133545,29.6499996185303,24.9300003051758,30.3899993896484
Malawi,MWI,EXT_EHE,30.7099990844727,12.6800003051758,3.17000007629395,1.87000000476837,3.29999995231628
Mali,MLI,EXT_EHE,40.1199989318848,35.810001373291,72.4499969482422,43.0299987792969,28.1800003051758
Mauritius,MUS,EXT_EHE,94.0999984741211,16.8999996185303,77.5999984741211,54.2599983215332,40.1199989318848
Mauritania,MRT,EXT_EHE,98.5500030517578,90.0599975585938,65.2699966430664,64.7099990844727,67.1399993896484
Morocco,MAR,EXT_EHE,84.5100021362305,NULL,99.9100036621094,NULL,89.129997253418
Mozambique,MOZ,EXT_EHE,44.0900001525879,58.8800010681152,63,59.9799995422363,52.0299987792969
Namibia,NAM,EXT_EHE,19.5300006866455,21.0799999237061,23.2299995422363,41.5499992370605,42.0299987792969
Niger,NER,EXT_EHE,57.4199981689453,87.6999969482422,83.3199996948242,86.379997253418,88.8399963378906
Nigeria,NGA,EXT_EHE,27.7800006866455,26.0599994659424,3.70000004768372,1.72000002861023,22.9400005340576
Rwanda,RWA,EXT_EHE,64.1500015258789,64.2099990844727,66.6500015258789,65.6900024414063,62.9099998474121
Sao Tome and Principe,STP,EXT_EHE,21.5799999237061,20.8999996185303,13.2399997711182,20.2000007629395,31.4599990844727
Senegal,SEN,EXT_EHE,99.9599990844727,99.9899978637695,40.9599990844727,60.560001373291,36.560001373291
Seychelles,SYC,EXT_EHE,NULL,79.2300033569336,8.23999977111816,0,NULL
Sierra Leone,SLE,EXT_EHE,23.1700000762939,46.7999992370605,54.9199981689453,74.8300018310547,65.5199966430664
Somalia,SOM,EXT_EHE,NULL,NULL,NULL,NULL,NULL
South Africa,ZAF,EXT_EHE,0,0,0,0,0
South Sudan,SSD,EXT_EHE,NULL,NULL,0.00999999977648258,0.00999999977648258,0.0199999995529652
Sudan,SDN,EXT_EHE,11.2200002670288,9.64999961853027,6.51999998092651,16.7700004577637,38.0499992370605
Eswatini,SWZ,EXT_EHE,28.2600002288818,26.3500003814697,0.0299999993294477,51.2700004577637,55.3199996948242
Tanzania,TZA,EXT_EHE,55.7000007629395,55.5,60.7599983215332,58.439998626709,46.1599998474121
Togo,TGO,EXT_EHE,89.7300033569336,85.9300003051758,99.879997253418,NULL,96.9400024414063
Tunisia,TUN,EXT_EHE,NULL,88.8899993896484,92.6600036621094,87.5199966430664,89.1100006103516
Uganda,UGA,EXT_EHE,8.88000011444092,0.00999999977648258,0.109999999403954,0.0900000035762787,0.0700000002980232
Zimbabwe,ZWE,EXT_EHE,39.25,15.0100002288818,11.4300003051758,12.7600002288818,14.8800001144409
Zambia,ZMB,EXT_EHE,21.4400005340576,36.1800003051758,45.1800003051758,46.1500015258789,48.9300003051758
Algeria,DZA,EXT_CHE,0.0299999993294477,0.0199999995529652,0.0299999993294477,0.0299999993294477,0.0399999991059303
Angola,AGO,EXT_CHE,2.67000007629395,3.64000010490417,3.10999989509583,3.32999992370605,3.17000007629395
Benin,BEN,EXT_CHE,34.2299995422363,30.5599994659424,19.4799995422363,30.0400009155273,24.3400001525879
Botswana,BWA,EXT_CHE,7.03000020980835,5.67000007629395,9.60999965667725,6.25,6.15000009536743
Burkina Faso,BFA,EXT_CHE,24.6700000762939,23.4799995422363,18,15.1800003051758,15.8000001907349
Burundi,BDI,EXT_CHE,9.77999973297119,32.1500015258789,31.3099994659424,32.5999984741211,25.6499996185303
Cameroon,CMR,EXT_CHE,9.89999961853027,9.8100004196167,9.52000045776367,8.69999980926514,14.210000038147
Cabo Verde,CPV,EXT_CHE,4.09999990463257,5.1100001335144,7.98000001907349,9.39999961853027,6.84000015258789
Central African Republic,CAF,EXT_CHE,41.4000015258789,32.8199996948242,31.4599990844727,51.3800010681152,28.1200008392334
Chad,TCD,EXT_CHE,17.0300006866455,22.0799999237061,20.3099994659424,15.3999996185303,20.4300003051758
Comoros,COM,EXT_CHE,10.789999961853,12.6599998474121,19.7999992370605,13.1400003433228,17.5699996948242
"Congo, Dem. Rep.",COD,EXT_CHE,39.2700004577637,43.2299995422363,42.4700012207031,35.2200012207031,38.8300018310547
"Congo, Rep.",COG,EXT_CHE,18.9099998474121,5.1100001335144,7.25,5.48000001907349,8.35000038146973
Cote d'Ivoire,CIV,EXT_CHE,13.0799999237061,14.9300003051758,13.0299997329712,12.2799997329712,15.2399997711182
Djibouti,DJI,EXT_CHE,23.1900005340576,26.9699993133545,25.8600006103516,19.7700004577637,20.7600002288818
"Egypt, Arab Rep.",EGY,EXT_CHE,0.200000002980232,1.00999999046326,0.319999992847443,0.660000026226044,1.05999994277954
Equatorial Guinea,GNQ,EXT_CHE,1.24000000953674,1.19000005722046,2.09999990463257,2.34999990463257,0.910000026226044
Eritrea,ERI,EXT_CHE,41.2299995422363,22.7000007629395,32.0400009155273,35.5,39.2000007629395
Ethiopia,ETH,EXT_CHE,18.2600002288818,20.2299995422363,35.3600006103516,36.0999984741211,34.0999984741211
Gabon,GAB,EXT_CHE,0.819999992847443,0.689999997615814,0.610000014305115,1.22000002861023,0.569999992847443
"Gambia, The",GMB,EXT_CHE,34.9500007629395,36.4199981689453,48.8300018310547,56.1300010681152,45.2700004577637
Ghana,GHA,EXT_CHE,24.9300003051758,12.8000001907349,13.5200004577637,11.0200004577637,11.2700004577637
Guinea,GIN,EXT_CHE,23.4599990844727,27.2299995422363,9.5,10.789999961853,10.8000001907349
Guinea-Bissau,GNB,EXT_CHE,23.4599990844727,26.6900005340576,21.1700000762939,25.75,25.3199996948242
Kenya,KEN,EXT_CHE,17.9200000762939,16.2099990844727,21.0900001525879,22.1499996185303,18.5100002288818
Lesotho,LSO,EXT_CHE,24.2800006866455,24.3700008392334,28.8500003814697,38.2999992370605,42.2900009155273
Liberia,LBR,EXT_CHE,33.2400016784668,30.1900005340576,27.6900005340576,24.9500007629395,24.6900005340576
Libya,LBY,EXT_CHE,NULL,NULL,NULL,NULL,NULL
Madagascar,MDG,EXT_CHE,28.3899993896484,26.4400005340576,22.7299995422363,29.5900001525879,28.2299995422363
Malawi,MWI,EXT_CHE,53.5,53.7099990844727,59.8600006103516,57.439998626709,43.560001373291
Mali,MLI,EXT_CHE,41.3199996948242,30.2299995422363,28.6299991607666,35,33.4500007629395
Mauritius,MUS,EXT_CHE,2.59999990463257,0.230000004172325,0.490000009536743,0.5,0.28999999165535
Mauritania,MRT,EXT_CHE,8.64000034332275,2.34999990463257,8.53999996185303,9.30000019073486,11.8699998855591
Morocco,MAR,EXT_CHE,0.209999993443489,0.159999996423721,0.219999998807907,0.180000007152557,0.720000028610229
Mozambique,MOZ,EXT_CHE,54.6800003051758,59.939998626709,62.689998626709,62.2999992370605,62.7200012207031
Namibia,NAM,EXT_CHE,5.71000003814697,6.96999979019165,6.76999998092651,4.67000007629395,4.65000009536743
Niger,NER,EXT_CHE,24.5599994659424,14.7600002288818,14.4799995422363,11.8100004196167,15.25
Nigeria,NGA,EXT_CHE,9.92000007629395,10.3199996948242,7.92000007629395,7.38000011444092,12.75
Rwanda,RWA,EXT_CHE,42.189998626709,43.2599983215332,39.3400001525879,39.3300018310547,33.7900009155273
Sao Tome and Principe,STP,EXT_CHE,51.0299987792969,43.8899993896484,37.9099998474121,33.9500007629395,33.4799995422363
Senegal,SEN,EXT_CHE,17.9799995422363,17.3299999237061,16.1800003051758,21.6000003814697,17.9300003051758
Seychelles,SYC,EXT_CHE,0.340000003576279,3.92000007629395,0.589999973773956,0.379999995231628,0
Sierra Leone,SLE,EXT_CHE,50.1800003051758,40.9900016784668,34.7599983215332,28.8700008392334,29.9799995422363
Somalia,SOM,EXT_CHE,NULL,NULL,NULL,NULL,NULL
South Africa,ZAF,EXT_CHE,1.66999995708466,2.03999996185303,1.08000004291534,1.12999999523163,1.10000002384186
South Sudan,SSD,EXT_CHE,NULL,NULL,68.120002746582,62.5299987792969,54.9700012207031
Sudan,SDN,EXT_CHE,1.94000005722046,2.02999997138977,5.38000011444092,7.71000003814697,6.55999994277954
Eswatini,SWZ,EXT_CHE,32.6699981689453,32.6500015258789,23.75,29.5200004577637,26.1200008392334
Tanzania,TZA,EXT_CHE,37.8400001525879,36.4099998474121,39.2099990844727,40.7099990844727,36.1399993896484
Togo,TGO,EXT_CHE,15.5299997329712,18.9300003051758,15.0200004577637,9.51000022888184,9.11999988555908
Tunisia,TUN,EXT_CHE,0.0299999993294477,0.689999997615814,0.46000000834465,0.46000000834465,0.360000014305115
Uganda,UGA,EXT_CHE,42.9300003051758,41.2599983215332,43.1399993896484,43.5099983215332,42.0200004577637
Zimbabwe,ZWE,EXT_CHE,24.2600002288818,27.9099998474121,30.7000007629395,25.1700000762939,29.5499992370605
Zambia,ZMB,EXT_CHE,36.3600006103516,42.5,40.5900001525879,44.3699989318848,43.7000007629395
Algeria,DZA,EXT_CAP,0.0799999982118607,0.0500000007450581,0.0700000002980232,0.0700000002980232,0.109999999403954
Angola,AGO,EXT_CAP,2.90000009536743,3.46000003814697,3.55999994277954,2.91000008583069,2.25999999046326
Benin,BEN,EXT_CAP,10.7200002670288,9.10000038146973,5.80000019073486,9.34000015258789,7.09000015258789
Botswana,BWA,EXT_CAP,27.3700008392334,22.8199996948242,46.5400009155273,30.9099998474121,29.6100006103516
Burkina Faso,BFA,EXT_CAP,8.27000045776367,9.61999988555908,8.01000022888184,6.1100001335144,6.69000005722046
Burundi,BDI,EXT_CAP,1.91999995708466,7,7.25,7.30000019073486,5.28000020980835
Cameroon,CMR,EXT_CAP,4.92999982833862,4.98999977111816,4.73999977111816,4.63000011444092,7.67000007629395
Cabo Verde,CPV,EXT_CAP,6.01999998092651,7.76000022888184,13.8800001144409,17.8999996185303,12.1700000762939
Central African Republic,CAF,EXT_CAP,7.86999988555908,7.19000005722046,9.44999980926514,27.5799999237061,10.460000038147
Chad,TCD,EXT_CAP,5.98000001907349,7.82000017166138,6.21999979019165,4.57000017166138,6.09999990463257
Comoros,COM,EXT_CAP,6.17000007629395,7.5,13.8100004196167,9.11999988555908,12.710000038147
"Congo, Dem. Rep.",COD,EXT_CAP,7.75,8.89999961853027,8.25,6.51999998092651,7.98999977111816
"Congo, Rep.",COG,EXT_CAP,11.3800001144409,2.91000008583069,3.97000002861023,2.71000003814697,4.05000019073486
Cote d'Ivoire,CIV,EXT_CAP,8.3100004196167,10.0799999237061,9.09000015258789,8.85999965667725,11.4399995803833
Djibouti,DJI,EXT_CAP,19.0900001525879,20.7299995422363,18.6800003051758,14.0500001907349,12.8299999237061
"Egypt, Arab Rep.",EGY,EXT_CAP,0.370000004768372,1.54999995231628,0.360000014305115,0.829999983310699,1.5900000333786
Equatorial Guinea,GNQ,EXT_CAP,4.09000015258789,3.47000002861023,6.01000022888184,7.30999994277954,2.32999992370605
Eritrea,ERI,EXT_CAP,11.0600004196167,5.1399998664856,6.65999984741211,8.51000022888184,9.89999961853027
Ethiopia,ETH,EXT_CAP,4.36999988555908,5.07000017166138,8.8100004196167,8.77000045776367,9.11999988555908
Gabon,GAB,EXT_CAP,1.61000001430511,1.49000000953674,1.22000002861023,2.67000007629395,1.22000002861023
"Gambia, The",GMB,EXT_CAP,7.32999992370605,9.27000045776367,13.7600002288818,20.1000003814697,13.460000038147
Ghana,GHA,EXT_CAP,20.0900001525879,8.5600004196167,9.1899995803833,8.47000026702881,8.48999977111816
Guinea,GIN,EXT_CAP,10.4799995422363,10.7600002288818,3.1800000667572,3.84999990463257,4.65000009536743
Guinea-Bissau,GNB,EXT_CAP,12.6599998474121,15.5299997329712,11.9099998474121,15.7700004577637,15.8500003814697
Kenya,KEN,EXT_CAP,12.5,11.75,13.7299995422363,16.2900009155273,15.4399995803833
Lesotho,LSO,EXT_CAP,25.2900009155273,21.8199996948242,31.9899997711182,47.75,52.5200004577637
Liberia,LBR,EXT_CAP,24.4200000762939,21.1299991607666,17.8600006103516,15.2799997329712,12.9799995422363
Libya,LBY,EXT_CAP,NULL,NULL,NULL,NULL,NULL
Madagascar,MDG,EXT_CAP,6.59999990463257,6.6100001335144,5.67000007629395,6.6100001335144,5.59999990463257
Malawi,MWI,EXT_CAP,19.0900001525879,18.6499996185303,22.9799995422363,21.5,13.2399997711182
Mali,MLI,EXT_CAP,12.7600002288818,8.90999984741211,8.72999954223633,11.6899995803833,11.4700002670288
Mauritius,MUS,EXT_CAP,13.75,1.25,3.00999999046326,3.27999997138977,2.00999999046326
Mauritania,MRT,EXT_CAP,4.84000015258789,1.12000000476837,4.5,5.32999992370605,6.86999988555908
Morocco,MAR,EXT_CAP,0.310000002384186,0.239999994635582,0.360000014305115,0.319999992847443,1.25
Mozambique,MOZ,EXT_CAP,21.6700000762939,18.4400005340576,22.4400005340576,25.3700008392334,24.75
Namibia,NAM,EXT_CAP,27.9099998474121,29.5499992370605,31.7099990844727,21.7000007629395,19.8799991607666
Niger,NER,EXT_CAP,6.3600001335144,3.32999992370605,4.17999982833862,3.5699999332428,4.78999996185303
Nigeria,NGA,EXT_CAP,9.69999980926514,8.1899995803833,5.84999990463257,4.90999984741211,9.10999965667725
Rwanda,RWA,EXT_CAP,21.0900001525879,22.4300003051758,19.4099998474121,20.5699996948242,17.3700008392334
Sao Tome and Principe,STP,EXT_CAP,43.4900016784668,48.2700004577637,44.3499984741211,39.0499992370605,36.310001373291
Senegal,SEN,EXT_CAP,9.60999965667725,9.38000011444092,8.8100004196167,13.3500003814697,10.6000003814697
Seychelles,SYC,EXT_CAP,2.25,30.2600002288818,4.57000017166138,3.19000005722046,0
Sierra Leone,SLE,EXT_CAP,60.6699981689453,35.7000007629395,16.2299995422363,12.7799997329712,13.8400001525879
Somalia,SOM,EXT_CAP,NULL,NULL,NULL,NULL,NULL
South Africa,ZAF,EXT_CAP,8.43000030517578,9.51000022888184,5.78999996185303,6.3899998664856,6.03000020980835
South Sudan,SSD,EXT_CAP,NULL,NULL,17.9699993133545,16.7000007629395,12.4399995803833
Sudan,SDN,EXT_CAP,3.07999992370605,3.36999988555908,10.3500003814697,4.59000015258789,3.07999992370605
Eswatini,SWZ,EXT_CAP,84.7799987792969,76.2799987792969,64.9199981689453,88,68.9700012207031
Tanzania,TZA,EXT_CAP,12.710000038147,13.539999961853,15.6000003814697,17.1100006103516,14.5799999237061
Togo,TGO,EXT_CAP,5.92999982833862,8.14000034332275,8.10000038146973,5.21999979019165,4.65999984741211
Tunisia,TUN,EXT_CAP,0.0799999982118607,1.67999994754791,1.0900000333786,1.0900000333786,0.839999973773956
Uganda,UGA,EXT_CAP,16.8999996185303,15.7799997329712,13.2399997711182,13.9499998092651,13.6199998855591
Zimbabwe,ZWE,EXT_CAP,26.1200008392334,31.3700008392334,35.5099983215332,35.5800018310547,30.4500007629395
Zambia,ZMB,EXT_CAP,21.5799999237061,24.3799991607666,27.2700004577637,33.8600006103516,30.2999992370605
Algeria,DZA,EXT_CAP_PPP,0.219999998807907,0.150000005960464,0.209999993443489,0.200000002980232,0.330000013113022
Angola,AGO,EXT_CAP_PPP,5.1100001335144,7.01999998092651,6.3600001335144,6.28999996185303,5.6399998664856
Benin,BEN,EXT_CAP_PPP,28.7299995422363,25.1599998474121,15.5299997329712,24.3600006103516,19.9599990844727
Botswana,BWA,EXT_CAP_PPP,62.5900001525879,54.3800010681152,101.730003356934,67.4400024414063,69
Burkina Faso,BFA,EXT_CAP_PPP,21.6900005340576,26.5,22.2800006866455,16.3299999237061,19.3400001525879
Burundi,BDI,EXT_CAP_PPP,5.28999996185303,19.7800006866455,19.1399993896484,20.9699993133545,15.8500003814697
Cameroon,CMR,EXT_CAP_PPP,12.1000003814697,12.460000038147,11.8100004196167,11.1300001144409,19.3500003814697
Cabo Verde,CPV,EXT_CAP_PPP,11.8500003814697,15.6700000762939,28,34.7900009155273,25.2999992370605
Central African Republic,CAF,EXT_CAP_PPP,16.3999996185303,15.210000038147,19.1399993896484,55.4000015258789,22.0599994659424
Chad,TCD,EXT_CAP_PPP,14.0200004577637,18.7600002288818,14.8100004196167,10.1700000762939,14.1800003051758
Comoros,COM,EXT_CAP_PPP,13.4499998092651,16.8799991607666,31.6399993896484,20.2399997711182,29.6299991607666
"Congo, Dem. Rep.",COD,EXT_CAP_PPP,14.1099996566772,18.1900005340576,18.7099990844727,13.0200004577637,15.7700004577637
"Congo, Rep.",COG,EXT_CAP_PPP,21.5599994659424,5.44999980926514,7.73999977111816,4.19999980926514,6.82000017166138
Cote d'Ivoire,CIV,EXT_CAP_PPP,19.6000003814697,23.6599998474121,20.8099994659424,19.7399997711182,27.3600006103516
Djibouti,DJI,EXT_CAP_PPP,32.8300018310547,34.7099990844727,31.3099994659424,24.0400009155273,21.6200008392334
"Egypt, Arab Rep.",EGY,EXT_CAP_PPP,1.24000000953674,6.07000017166138,1.96000003814697,3.8199999332428,6.15999984741211
Equatorial Guinea,GNQ,EXT_CAP_PPP,8.72000026702881,7.67999982833862,14.0200004577637,15.0299997329712,5.55000019073486
Eritrea,ERI,EXT_CAP_PPP,29.1800003051758,13.5900001525879,18.3600006103516,25.7800006866455,32.0800018310547
Ethiopia,ETH,EXT_CAP_PPP,11.5699996948242,13.6899995803833,24.6800003051758,25.7299995422363,25.6200008392334
Gabon,GAB,EXT_CAP_PPP,3.21000003814697,3.04999995231628,2.53999996185303,5.07000017166138,2.46000003814697
"Gambia, The",GMB,EXT_CAP_PPP,22.9400005340576,27.75,41.9500007629395,60.6500015258789,40.1599998474121
Ghana,GHA,EXT_CAP_PPP,58.9700012207031,21.6599998474121,22.6800003051758,20.4599990844727,21.7900009155273
Guinea,GIN,EXT_CAP_PPP,24.7999992370605,30.5499992370605,8.98999977111816,11.210000038147,12.9099998474121
Guinea-Bissau,GNB,EXT_CAP_PPP,33.5,41.0099983215332,31.0599994659424,40.4500007629395,47.2099990844727
Kenya,KEN,EXT_CAP_PPP,31.4500007629395,30.2900009155273,35.3300018310547,41.0800018310547,38.4300003051758
Lesotho,LSO,EXT_CAP_PPP,67.9000015258789,64.0400009155273,77.4199981689453,110.029998779297,132.610000610352
Liberia,LBR,EXT_CAP_PPP,44.4099998474121,40.7799987792969,38.7400016784668,34.5900001525879,31.1100006103516
Libya,LBY,EXT_CAP_PPP,NULL,NULL,NULL,NULL,NULL
Madagascar,MDG,EXT_CAP_PPP,21.8400001525879,22.3299999237061,17.4400005340576,20.7099990844727,18.4099998474121
Malawi,MWI,EXT_CAP_PPP,51.1100006103516,60.5499992370605,66.8300018310547,60.2200012207031,35.5900001525879
Mali,MLI,EXT_CAP_PPP,34.5299987792969,24.9699993133545,23.6299991607666,30.5599994659424,31.6299991607666
Mauritius,MUS,EXT_CAP_PPP,28.5599994659424,2.67000007629395,6.1399998664856,6.65000009536743,4.30999994277954
Mauritania,MRT,EXT_CAP_PPP,13.3299999237061,3.4300000667572,14.4700002670288,17.1800003051758,22.2099990844727
Morocco,MAR,EXT_CAP_PPP,0.759999990463257,0.600000023841858,0.860000014305115,0.75,3.04999995231628
Mozambique,MOZ,EXT_CAP_PPP,47.4300003051758,58.6300010681152,62.439998626709,66.5999984741211,65.7399978637695
Namibia,NAM,EXT_CAP_PPP,60.6100006103516,67.7600021362305,60.1300010681152,40.1800003051758,40.3499984741211
Niger,NER,EXT_CAP_PPP,15.039999961853,7.67999982833862,9.39000034332275,7.67999982833862,11.0500001907349
Nigeria,NGA,EXT_CAP_PPP,19.2700004577637,19.7000007629395,15.4200000762939,12.039999961853,20.6900005340576
Rwanda,RWA,EXT_CAP_PPP,50.6699981689453,56.6800003051758,49.6500015258789,56.1699981689453,49.2400016784668
Sao Tome and Principe,STP,EXT_CAP_PPP,104.589996337891,109.769996643066,95.9000015258789,80.4300003051758,75.9400024414063
Senegal,SEN,EXT_CAP_PPP,23.4200000762939,22.7099990844727,20.7199993133545,30.9300003051758,25.9699993133545
Seychelles,SYC,EXT_CAP_PPP,3.6800000667572,51.5699996948242,7.82999992370605,5.59000015258789,0
Sierra Leone,SLE,EXT_CAP_PPP,163.800003051758,113.699996948242,53.3800010681152,40.7799987792969,47.0699996948242
Somalia,SOM,EXT_CAP_PPP,NULL,NULL,NULL,NULL,NULL
South Africa,ZAF,EXT_CAP_PPP,18.4699993133545,22.7099990844727,12.0100002288818,12.9700002670288,13.1000003814697
South Sudan,SSD,EXT_CAP_PPP,NULL,NULL,57.5200004577637,40.1599998474121,34.6300010681152
Sudan,SDN,EXT_CAP_PPP,6.25,6.21000003814697,14.9799995422363,15.6000003814697,13.4099998474121
Eswatini,SWZ,EXT_CAP_PPP,203.210006713867,193.860000610352,139.380004882813,186.979995727539,159.449996948242
Tanzania,TZA,EXT_CAP_PPP,31.4899997711182,34.7400016784668,39.2900009155273,42.7900009155273,35.9099998474121
Togo,TGO,EXT_CAP_PPP,14.5100002288818,19.7999992370605,19.6200008392334,12.210000038147,11.4499998092651
Tunisia,TUN,EXT_CAP_PPP,0.209999993443489,4.71999979019165,3.3199999332428,3.49000000953674,2.83999991416931
Uganda,UGA,EXT_CAP_PPP,48.6599998474121,44.5299987792969,37.6199989318848,40.0900001525879,38.8199996948242
Zimbabwe,ZWE,EXT_CAP_PPP,48.4300003051758,60.1199989318848,69.4499969482422,67.7600021362305,61.5900001525879
Zambia,ZMB,EXT_CAP_PPP,55.3199996948242,64.7799987792969,61.9099998474121,80.5599975585938,84.1399993896484
Algeria,DZA,OOP_CHE,28.2099990844727,30.8799991607666,32.5400009155273,32.6300010681152,33.439998626709
Angola,AGO,OOP_CHE,33.5200004577637,35.2099990844727,34.1199989318848,36.6300010681152,37.4599990844727
Benin,BEN,OOP_CHE,40.5,43,43.8699989318848,44.6800003051758,47.0400009155273
Botswana,BWA,OOP_CHE,3.57999992370605,3.30999994277954,2.99000000953674,3.08999991416931,3.14000010490417
Burkina Faso,BFA,OOP_CHE,36.0299987792969,31.3799991607666,31.6800003051758,35.8300018310547,34.689998626709
Burundi,BDI,OOP_CHE,30.5400009155273,25.9500007629395,25.8299999237061,23.8700008392334,24.6800003051758
Cameroon,CMR,OOP_CHE,69.8499984741211,69.8300018310547,75.8199996948242,75.129997253418,72.5299987792969
Cabo Verde,CPV,OOP_CHE,27.75,28.6900005340576,27.3899993896484,27.2099990844727,24.9400005340576
Central African Republic,CAF,OOP_CHE,48.7799987792969,55.2099990844727,56.4199981689453,41.6699981689453,60.3199996948242
Chad,TCD,OOP_CHE,56.7200012207031,56.6500015258789,59.2099990844727,62.3699989318848,57.2200012207031
Comoros,COM,OOP_CHE,74.9899978637695,71.2699966430664,63.8400001525879,67.2600021362305,61.8300018310547
"Congo, Dem. Rep.",COD,OOP_CHE,37.4300003051758,37.2900009155273,40.1199989318848,41.6100006103516,38.5
"Congo, Rep.",COG,OOP_CHE,32.4599990844727,44.2599983215332,45.5900001525879,50.2599983215332,45.8600006103516
Cote d'Ivoire,CIV,OOP_CHE,42.5900001525879,40.0099983215332,39.2200012207031,39.2900009155273,37.2900009155273
Djibouti,DJI,OOP_CHE,20.5400009155273,23.1800003051758,26.1599998474121,29.1000003814697,24.1499996185303
"Egypt, Arab Rep.",EGY,OOP_CHE,59.4500007629395,59,56.4000015258789,62.2599983215332,62.75
Equatorial Guinea,GNQ,OOP_CHE,77.1500015258789,74.3600006103516,75.4300003051758,75.1100006103516,75.4700012207031
Eritrea,ERI,OOP_CHE,42.1399993896484,56.4599990844727,40.939998626709,48.9000015258789,43.2000007629395
Ethiopia,ETH,OOP_CHE,36.7400016784668,35.4300003051758,34.4000015258789,35.439998626709,37.8800010681152
Gabon,GAB,OOP_CHE,25.8999996185303,22.5499992370605,25.1599998474121,23.1100006103516,23.0900001525879
"Gambia, The",GMB,OOP_CHE,23.4200000762939,26.4599990844727,21.5799999237061,18.5300006866455,23.1900005340576
Ghana,GHA,OOP_CHE,35.7999992370605,37.8199996948242,41.4099998474121,37.4199981689453,36.2200012207031
Guinea,GIN,OOP_CHE,49.3499984741211,49.7599983215332,64.5999984741211,67.120002746582,59.2200012207031
Guinea-Bissau,GNB,OOP_CHE,66.9199981689453,64.5800018310547,68.4100036621094,63.9099998474121,65.1600036621094
Kenya,KEN,OOP_CHE,26.8999996185303,25,23.2800006866455,23.3700008392334,24.2999992370605
Lesotho,LSO,OOP_CHE,16.1800003051758,17.1499996185303,15.539999961853,14.1000003814697,13.7600002288818
Liberia,LBR,OOP_CHE,46.6500015258789,46.8800010681152,47.9700012207031,47.2999992370605,54.4000015258789
Libya,LBY,OOP_CHE,NULL,NULL,NULL,NULL,NULL
